fiscal_year,health_authority,hospital_name,procedure_group,waiting,completed,completed_50th_percentile,completed_90th_percentile
2009/10,All Health Authorities,All Facilities,Abdominoplasty,52.0,100.0,9.1,42.6
2009/10,All Health Authorities,All Facilities,Aortic Aneurysm Repair,96.0,365.0,3.7,13.5
2009/10,All Health Authorities,All Facilities,Appendectomy,19.0,88.0,3.7,9.1
2009/10,All Health Authorities,All Facilities,Bariatric Surgery,531.0,201.0,16.6,151.7
2009/10,All Health Authorities,All Facilities,Biopsy in OR,438.0,2919.0,2.9,10.7
2009/10,All Health Authorities,All Facilities,Bladder Surgery,1829.0,6004.0,4.4,23.2
2009/10,All Health Authorities,All Facilities,Bowel Resection,381.0,2800.0,2.7,9.7
2009/10,All Health Authorities,All Facilities,Breast Biopsy,230.0,2571.0,2.4,6.4
2009/10,All Health Authorities,All Facilities,Breast Reconstruction,474.0,1112.0,6.0,29.6
2009/10,All Health Authorities,All Facilities,Breast Reduction,1450.0,1743.0,14.0,46.0
2009/10,All Health Authorities,All Facilities,CSF Drainage,5.0,63.0,1.9,8.2
2009/10,All Health Authorities,All Facilities,Cataract Surgery,12981.0,47146.0,6.6,25.1
2009/10,All Health Authorities,All Facilities,Cholecystectomy,1608.0,5713.0,5.0,19.1
2009/10,All Health Authorities,All Facilities,Colostomy/Ileostomy,185.0,625.0,5.1,19.6
2009/10,All Health Authorities,All Facilities,Cone Biopsy,77.0,662.0,3.0,9.1
2009/10,All Health Authorities,All Facilities,Cranial Surgery,86.0,966.0,1.1,7.4
2009/10,All Health Authorities,All Facilities,Cyst/Ganglion Removal,464.0,1470.0,5.4,20.6
2009/10,All Health Authorities,All Facilities,D&C and Related Surgery,1063.0,5789.0,3.7,14.6
2009/10,All Health Authorities,All Facilities,Dental Surgery,2158.0,5251.0,7.0,26.1
2009/10,All Health Authorities,All Facilities,Endarterectomy,131.0,619.0,3.3,12.3
2009/10,All Health Authorities,All Facilities,Esophagectomy,19.0,121.0,2.7,12.4
2009/10,All Health Authorities,All Facilities,Examination Under Anaesthetic,134.0,612.0,3.9,13.8
2009/10,All Health Authorities,All Facilities,Excision Gynecomastia,87.0,200.0,7.4,39.2
2009/10,All Health Authorities,All Facilities,Excision Lesion/Tumour,485.0,2163.0,3.3,14.3
2009/10,All Health Authorities,All Facilities,Facial Bone Reconstruction,410.0,829.0,4.1,41.0
2009/10,All Health Authorities,All Facilities,Fallopian Tube/Ovarian Surgery,1277.0,4030.0,5.7,20.1
2009/10,All Health Authorities,All Facilities,Fistula Repair - Non Vascular,37.0,145.0,4.9,22.2
2009/10,All Health Authorities,All Facilities,Foot/Ankle Surgery,417.0,770.0,6.7,35.6
2009/10,All Health Authorities,All Facilities,Foreign Body Removal Surgery,52.0,247.0,2.3,16.9
2009/10,All Health Authorities,All Facilities,Fracture Repair,239.0,1489.0,0.4,9.2
2009/10,All Health Authorities,All Facilities,Free Flap Graft,26.0,116.0,3.0,16.9
2009/10,All Health Authorities,All Facilities,Gastrostomy/Jejunostomy,,57.0,1.1,7.7
2009/10,All Health Authorities,All Facilities,Hand/Wrist Surgery,838.0,2236.0,6.3,24.0
2009/10,All Health Authorities,All Facilities,Hernia Repair - Abdominal,4105.0,10479.0,7.0,27.1
2009/10,All Health Authorities,All Facilities,Hernia Repair - Hiatal,206.0,269.0,10.9,35.9
2009/10,All Health Authorities,All Facilities,Hip Replacement,1577.0,4242.0,10.4,27.6
2009/10,All Health Authorities,All Facilities,Kidney/Bladder Stone Removal,168.0,1238.0,3.1,10.0
2009/10,All Health Authorities,All Facilities,Knee - ACL Repair,726.0,1731.0,8.1,28.7
2009/10,All Health Authorities,All Facilities,Knee - Meniscectomy,668.0,2003.0,6.0,29.8
2009/10,All Health Authorities,All Facilities,Knee Arthroscopy,2751.0,6810.0,6.4,27.7
2009/10,All Health Authorities,All Facilities,Knee Replacement,3354.0,6466.0,12.0,35.7
2009/10,All Health Authorities,All Facilities,Laparoscopy,455.0,1798.0,4.8,16.3
2009/10,All Health Authorities,All Facilities,Laparotomy,54.0,509.0,2.6,9.9
2009/10,All Health Authorities,All Facilities,Lens & Vitreous (non-cataract) Surgery,443.0,2736.0,1.6,13.3
2009/10,All Health Authorities,All Facilities,Ligament Surgery,52.0,162.0,6.8,25.0
2009/10,All Health Authorities,All Facilities,Lipectomy,37.0,146.0,6.3,27.6
2009/10,All Health Authorities,All Facilities,Lung Surgery,61.0,582.0,2.4,5.0
2009/10,All Health Authorities,All Facilities,Male Reproductive Surgery,805.0,2117.0,5.6,22.5
2009/10,All Health Authorities,All Facilities,Mastectomy,346.0,3780.0,1.9,5.6
2009/10,All Health Authorities,All Facilities,Mastoidectomy,111.0,259.0,9.7,38.7
2009/10,All Health Authorities,All Facilities,Myringotomy,321.0,1388.0,4.7,13.3
2009/10,All Health Authorities,All Facilities,Nasal Surgery,2050.0,3005.0,10.0,40.0
2009/10,All Health Authorities,All Facilities,Nerve Surgery,597.0,1109.0,5.0,33.6
2009/10,All Health Authorities,All Facilities,Oral Cavity & Pharynx Surgery,87.0,341.0,6.6,24.7
2009/10,All Health Authorities,All Facilities,Other Ear Surgery,84.0,182.0,9.9,37.9
2009/10,All Health Authorities,All Facilities,Other Eye Surgery,1298.0,3986.0,4.6,27.3
2009/10,All Health Authorities,All Facilities,Other Joint Reconstruction,898.0,1821.0,7.9,41.6
2009/10,All Health Authorities,All Facilities,Other Orthopaedic Surgery,2601.0,6415.0,5.6,28.9
2009/10,All Health Authorities,All Facilities,Other Urology Surgery,1528.0,6698.0,3.7,16.9
2009/10,All Health Authorities,All Facilities,Parotidectomy,109.0,311.0,5.0,21.9
2009/10,All Health Authorities,All Facilities,Prostate Surgery,1331.0,5113.0,4.9,19.6
2009/10,All Health Authorities,All Facilities,Rectal Surgery,814.0,1581.0,7.0,27.7
2009/10,All Health Authorities,All Facilities,Rib Resection,52.0,57.0,26.0,68.9
2009/10,All Health Authorities,All Facilities,Scope of Chest,69.0,714.0,2.0,5.0
2009/10,All Health Authorities,All Facilities,Shoulder Surgery,2011.0,2884.0,10.1,41.9
2009/10,All Health Authorities,All Facilities,Shunt Insertion/Removal,10.0,69.0,1.0,5.3
2009/10,All Health Authorities,All Facilities,Sinus Surgery,1303.0,1686.0,10.4,41.6
2009/10,All Health Authorities,All Facilities,Skin Surgery,267.0,930.0,3.9,25.9
2009/10,All Health Authorities,All Facilities,Skin Tumour Removal,691.0,2901.0,3.4,17.3
2009/10,All Health Authorities,All Facilities,Sphincterotomy,75.0,190.0,4.0,21.6
2009/10,All Health Authorities,All Facilities,Spinal/Back Surgery,1663.0,3106.0,6.0,30.1
2009/10,All Health Authorities,All Facilities,Tendon Surgery,231.0,728.0,2.0,20.0
2009/10,All Health Authorities,All Facilities,Thoracotomy,18.0,145.0,3.1,7.1
2009/10,All Health Authorities,All Facilities,Thyroidectomy,309.0,1263.0,4.9,16.1
2009/10,All Health Authorities,All Facilities,Tonsillectomy/Adenoidectomy,1676.0,3273.0,9.9,31.0
2009/10,All Health Authorities,All Facilities,Tympanoplasty,513.0,720.0,12.0,50.0
2009/10,All Health Authorities,All Facilities,Uterine Surgery,2772.0,11982.0,5.0,17.7
2009/10,All Health Authorities,All Facilities,Vaginal Repair,650.0,1588.0,8.1,32.2
2009/10,All Health Authorities,All Facilities,Varicose Veins Ligation/Stripping,1701.0,1169.0,10.0,58.9
2009/10,All Health Authorities,All Facilities,Vascular Bypass Graft - Non Cardiac,204.0,677.0,4.0,17.5
2009/10,All Health Authorities,All Facilities,Vascular Surgery - Other,301.0,1515.0,2.3,12.6
2009/10,All Health Authorities,All Facilities,Wound/Laceration Care,318.0,1118.0,2.3,18.4
2010/11,All Health Authorities,All Facilities,Abdominoplasty,63.0,92.0,8.9,51.6
2010/11,All Health Authorities,All Facilities,Aortic Aneurysm Repair,71.0,388.0,3.9,16.0
2010/11,All Health Authorities,All Facilities,Appendectomy,22.0,106.0,3.2,15.5
2010/11,All Health Authorities,All Facilities,Bariatric Surgery,489.0,142.0,9.9,143.9
2010/11,All Health Authorities,All Facilities,Biopsy in OR,454.0,2889.0,2.9,11.9
2010/11,All Health Authorities,All Facilities,Bladder Surgery,1529.0,6178.0,4.3,25.9
2010/11,All Health Authorities,All Facilities,Bowel Resection,404.0,2700.0,2.7,10.0
2010/11,All Health Authorities,All Facilities,Breast Biopsy,200.0,2353.0,2.6,6.4
2010/11,All Health Authorities,All Facilities,Breast Reconstruction,592.0,1150.0,5.0,29.1
2010/11,All Health Authorities,All Facilities,Breast Reduction,1254.0,2031.0,13.7,53.7
2010/11,All Health Authorities,All Facilities,CSF Drainage,9.0,82.0,1.9,6.1
2010/11,All Health Authorities,All Facilities,Cataract Surgery,14382.0,49420.0,7.7,23.7
2010/11,All Health Authorities,All Facilities,Cholecystectomy,1609.0,5910.0,5.0,21.1
2010/11,All Health Authorities,All Facilities,Colostomy/Ileostomy,194.0,579.0,6.1,26.1
2010/11,All Health Authorities,All Facilities,Cone Biopsy,60.0,589.0,3.6,10.3
2010/11,All Health Authorities,All Facilities,Cranial Surgery,112.0,988.0,1.1,7.2
2010/11,All Health Authorities,All Facilities,Cyst/Ganglion Removal,439.0,1258.0,5.9,23.6
2010/11,All Health Authorities,All Facilities,D&C and Related Surgery,968.0,5840.0,4.0,14.9
2010/11,All Health Authorities,All Facilities,Dental Surgery,2368.0,5299.0,7.0,31.9
2010/11,All Health Authorities,All Facilities,Endarterectomy,156.0,698.0,2.7,10.5
2010/11,All Health Authorities,All Facilities,Esophagectomy,23.0,120.0,3.0,10.9
2010/11,All Health Authorities,All Facilities,Examination Under Anaesthetic,189.0,575.0,4.6,16.1
2010/11,All Health Authorities,All Facilities,Excision Gynecomastia,104.0,201.0,6.6,33.0
2010/11,All Health Authorities,All Facilities,Excision Lesion/Tumour,581.0,2342.0,3.4,14.0
2010/11,All Health Authorities,All Facilities,Facial Bone Reconstruction,431.0,781.0,4.6,40.3
2010/11,All Health Authorities,All Facilities,Fallopian Tube/Ovarian Surgery,1224.0,4056.0,5.7,22.3
2010/11,All Health Authorities,All Facilities,Fistula Repair - Non Vascular,45.0,144.0,4.1,18.6
2010/11,All Health Authorities,All Facilities,Foot/Ankle Surgery,483.0,862.0,9.7,34.6
2010/11,All Health Authorities,All Facilities,Foreign Body Removal Surgery,38.0,216.0,3.0,13.1
2010/11,All Health Authorities,All Facilities,Fracture Repair,223.0,1466.0,0.6,10.1
2010/11,All Health Authorities,All Facilities,Free Flap Graft,22.0,108.0,2.4,13.5
2010/11,All Health Authorities,All Facilities,Gastrostomy/Jejunostomy,14.0,44.0,1.1,5.4
2010/11,All Health Authorities,All Facilities,Hand/Wrist Surgery,884.0,2150.0,6.9,27.1
2010/11,All Health Authorities,All Facilities,Hernia Repair - Abdominal,4089.0,11340.0,8.0,32.7
2010/11,All Health Authorities,All Facilities,Hernia Repair - Hiatal,243.0,306.0,10.0,49.1
2010/11,All Health Authorities,All Facilities,Hip Replacement,1949.0,4419.0,12.9,29.0
2010/11,All Health Authorities,All Facilities,Kidney/Bladder Stone Removal,224.0,1285.0,3.1,10.6
2010/11,All Health Authorities,All Facilities,Knee - ACL Repair,824.0,1898.0,8.7,32.3
2010/11,All Health Authorities,All Facilities,Knee - Meniscectomy,639.0,2581.0,7.4,28.1
2010/11,All Health Authorities,All Facilities,Knee Arthroscopy,2661.0,6347.0,7.9,31.7
2010/11,All Health Authorities,All Facilities,Knee Replacement,3945.0,6867.0,14.7,34.1
2010/11,All Health Authorities,All Facilities,Laparoscopy,430.0,1738.0,5.4,19.9
2010/11,All Health Authorities,All Facilities,Laparotomy,62.0,493.0,2.7,10.3
2010/11,All Health Authorities,All Facilities,Lens & Vitreous (non-cataract) Surgery,485.0,2835.0,2.0,14.1
2010/11,All Health Authorities,All Facilities,Ligament Surgery,79.0,126.0,3.1,22.6
2010/11,All Health Authorities,All Facilities,Lipectomy,35.0,133.0,6.7,24.0
2010/11,All Health Authorities,All Facilities,Lung Surgery,62.0,590.0,2.4,5.9
2010/11,All Health Authorities,All Facilities,Male Reproductive Surgery,834.0,2266.0,5.6,27.8
2010/11,All Health Authorities,All Facilities,Mastectomy,355.0,3881.0,2.0,5.7
2010/11,All Health Authorities,All Facilities,Mastoidectomy,159.0,250.0,10.9,42.1
2010/11,All Health Authorities,All Facilities,Myringotomy,534.0,1478.0,5.4,16.1
2010/11,All Health Authorities,All Facilities,Nasal Surgery,2345.0,3098.0,12.7,47.0
2010/11,All Health Authorities,All Facilities,Nerve Surgery,341.0,1199.0,6.1,36.9
2010/11,All Health Authorities,All Facilities,Oral Cavity & Pharynx Surgery,79.0,243.0,6.9,23.9
2010/11,All Health Authorities,All Facilities,Other Ear Surgery,136.0,168.0,10.9,31.6
2010/11,All Health Authorities,All Facilities,Other Eye Surgery,1406.0,3954.0,4.1,28.1
2010/11,All Health Authorities,All Facilities,Other Joint Reconstruction,948.0,1914.0,7.6,37.0
2010/11,All Health Authorities,All Facilities,Other Orthopaedic Surgery,2672.0,6412.0,6.1,31.4
2010/11,All Health Authorities,All Facilities,Other Urology Surgery,1414.0,7200.0,3.9,15.7
2010/11,All Health Authorities,All Facilities,Parotidectomy,121.0,362.0,6.6,28.4
2010/11,All Health Authorities,All Facilities,Prostate Surgery,1180.0,5461.0,4.4,17.4
2010/11,All Health Authorities,All Facilities,Rectal Surgery,901.0,1695.0,7.9,35.3
2010/11,All Health Authorities,All Facilities,Rib Resection,36.0,94.0,14.6,44.9
2010/11,All Health Authorities,All Facilities,Scope of Chest,54.0,658.0,1.9,4.6
2010/11,All Health Authorities,All Facilities,Shoulder Surgery,2152.0,3083.0,11.7,46.7
2010/11,All Health Authorities,All Facilities,Shunt Insertion/Removal,7.0,34.0,1.9,9.4
2010/11,All Health Authorities,All Facilities,Sinus Surgery,1763.0,1747.0,11.7,49.2
2010/11,All Health Authorities,All Facilities,Skin Surgery,257.0,872.0,3.6,21.0
2010/11,All Health Authorities,All Facilities,Skin Tumour Removal,731.0,2698.0,3.4,16.9
2010/11,All Health Authorities,All Facilities,Sphincterotomy,92.0,194.0,5.6,20.7
2010/11,All Health Authorities,All Facilities,Spinal/Back Surgery,1726.0,3111.0,5.9,36.1
2010/11,All Health Authorities,All Facilities,Tendon Surgery,244.0,755.0,2.7,21.6
2010/11,All Health Authorities,All Facilities,Thoracotomy,5.0,103.0,2.3,7.3
2010/11,All Health Authorities,All Facilities,Thyroidectomy,330.0,1238.0,5.3,22.0
2010/11,All Health Authorities,All Facilities,Tonsillectomy/Adenoidectomy,1778.0,3646.0,11.0,34.4
2010/11,All Health Authorities,All Facilities,Tympanoplasty,584.0,714.0,16.2,49.9
2010/11,All Health Authorities,All Facilities,Uterine Surgery,2636.0,12032.0,5.1,19.9
2010/11,All Health Authorities,All Facilities,Vaginal Repair,593.0,1617.0,8.6,32.4
2010/11,All Health Authorities,All Facilities,Varicose Veins Ligation/Stripping,1858.0,1243.0,13.1,62.3
2010/11,All Health Authorities,All Facilities,Vascular Bypass Graft - Non Cardiac,177.0,764.0,3.0,15.4
2010/11,All Health Authorities,All Facilities,Vascular Surgery - Other,337.0,1617.0,2.3,11.5
2010/11,All Health Authorities,All Facilities,Wound/Laceration Care,309.0,985.0,2.9,22.8
2011/12,All Health Authorities,All Facilities,Abdominoplasty,78.0,110.0,7.8,58.2
2011/12,All Health Authorities,All Facilities,Aortic Aneurysm Repair,55.0,391.0,3.6,14.6
2011/12,All Health Authorities,All Facilities,Appendectomy,24.0,91.0,4.0,18.6
2011/12,All Health Authorities,All Facilities,Bariatric Surgery,390.0,167.0,20.0,202.4
2011/12,All Health Authorities,All Facilities,Biopsy in OR,413.0,2665.0,2.6,11.4
2011/12,All Health Authorities,All Facilities,Bladder Surgery,1589.0,5906.0,4.3,21.6
2011/12,All Health Authorities,All Facilities,Bowel Resection,444.0,2911.0,2.9,10.7
2011/12,All Health Authorities,All Facilities,Breast Biopsy,255.0,2188.0,2.4,6.0
2011/12,All Health Authorities,All Facilities,Breast Reconstruction,742.0,1209.0,4.7,28.0
2011/12,All Health Authorities,All Facilities,Breast Reduction,1341.0,2030.0,11.0,42.6
2011/12,All Health Authorities,All Facilities,CSF Drainage,9.0,185.0,1.0,2.9
2011/12,All Health Authorities,All Facilities,Cataract Surgery,11405.0,50964.0,7.0,25.0
2011/12,All Health Authorities,All Facilities,Cholecystectomy,1707.0,5875.0,5.1,21.6
2011/12,All Health Authorities,All Facilities,Colostomy/Ileostomy,212.0,589.0,6.4,26.2
2011/12,All Health Authorities,All Facilities,Cone Biopsy,67.0,559.0,3.6,10.6
2011/12,All Health Authorities,All Facilities,Cranial Surgery,123.0,1014.0,1.6,8.7
2011/12,All Health Authorities,All Facilities,Cyst/Ganglion Removal,507.0,1281.0,5.3,23.9
2011/12,All Health Authorities,All Facilities,D&C and Related Surgery,1142.0,5605.0,3.6,13.3
2011/12,All Health Authorities,All Facilities,Dental Surgery,2301.0,6389.0,7.0,28.0
2011/12,All Health Authorities,All Facilities,Endarterectomy,133.0,674.0,3.0,12.9
2011/12,All Health Authorities,All Facilities,Esophagectomy,29.0,123.0,2.6,14.9
2011/12,All Health Authorities,All Facilities,Examination Under Anaesthetic,211.0,854.0,4.3,19.4
2011/12,All Health Authorities,All Facilities,Excision Gynecomastia,101.0,201.0,7.0,37.3
2011/12,All Health Authorities,All Facilities,Excision Lesion/Tumour,585.0,2588.0,4.0,16.0
2011/12,All Health Authorities,All Facilities,Facial Bone Reconstruction,287.0,778.0,5.0,41.1
2011/12,All Health Authorities,All Facilities,Fallopian Tube/Ovarian Surgery,1265.0,3766.0,6.1,22.1
2011/12,All Health Authorities,All Facilities,Fistula Repair - Non Vascular,53.0,142.0,4.9,19.9
2011/12,All Health Authorities,All Facilities,Foot/Ankle Surgery,567.0,855.0,11.9,35.8
2011/12,All Health Authorities,All Facilities,Foreign Body Removal Surgery,49.0,220.0,2.7,13.5
2011/12,All Health Authorities,All Facilities,Fracture Repair,251.0,1074.0,1.0,15.3
2011/12,All Health Authorities,All Facilities,Free Flap Graft,28.0,110.0,4.0,20.6
2011/12,All Health Authorities,All Facilities,Gastrostomy/Jejunostomy,14.0,115.0,2.3,10.9
2011/12,All Health Authorities,All Facilities,Hand/Wrist Surgery,836.0,2151.0,6.6,28.0
2011/12,All Health Authorities,All Facilities,Hernia Repair - Abdominal,4086.0,11598.0,7.1,30.0
2011/12,All Health Authorities,All Facilities,Hernia Repair - Hiatal,276.0,256.0,12.9,46.7
2011/12,All Health Authorities,All Facilities,Hip Replacement,2218.0,4770.0,14.9,31.6
2011/12,All Health Authorities,All Facilities,Kidney/Bladder Stone Removal,245.0,1448.0,3.3,11.0
2011/12,All Health Authorities,All Facilities,Knee - ACL Repair,944.0,1991.0,8.9,30.9
2011/12,All Health Authorities,All Facilities,Knee - Meniscectomy,736.0,2794.0,7.4,27.0
2011/12,All Health Authorities,All Facilities,Knee Arthroscopy,2872.0,5904.0,7.6,30.5
2011/12,All Health Authorities,All Facilities,Knee Replacement,4163.0,7018.0,17.6,36.9
2011/12,All Health Authorities,All Facilities,Laparoscopy,396.0,1599.0,4.9,19.0
2011/12,All Health Authorities,All Facilities,Laparotomy,75.0,405.0,3.1,12.0
2011/12,All Health Authorities,All Facilities,Lens & Vitreous (non-cataract) Surgery,575.0,3009.0,3.0,17.0
2011/12,All Health Authorities,All Facilities,Ligament Surgery,91.0,179.0,9.7,34.1
2011/12,All Health Authorities,All Facilities,Lipectomy,42.0,107.0,6.0,21.6
2011/12,All Health Authorities,All Facilities,Lung Surgery,78.0,583.0,2.3,5.3
2011/12,All Health Authorities,All Facilities,Male Reproductive Surgery,896.0,2190.0,6.4,27.1
2011/12,All Health Authorities,All Facilities,Mastectomy,360.0,4087.0,2.0,5.6
2011/12,All Health Authorities,All Facilities,Mastoidectomy,150.0,294.0,11.6,41.0
2011/12,All Health Authorities,All Facilities,Myringotomy,619.0,1767.0,6.0,16.7
2011/12,All Health Authorities,All Facilities,Nasal Surgery,2456.0,3238.0,12.9,43.8
2011/12,All Health Authorities,All Facilities,Nerve Surgery,392.0,1025.0,5.3,24.8
2011/12,All Health Authorities,All Facilities,Oral Cavity & Pharynx Surgery,91.0,307.0,6.4,27.2
2011/12,All Health Authorities,All Facilities,Other Ear Surgery,101.0,302.0,11.7,38.1
2011/12,All Health Authorities,All Facilities,Other Eye Surgery,1228.0,4642.0,4.7,26.9
2011/12,All Health Authorities,All Facilities,Other Joint Reconstruction,1084.0,2060.0,7.1,33.9
2011/12,All Health Authorities,All Facilities,Other Orthopaedic Surgery,2861.0,6870.0,6.0,29.7
2011/12,All Health Authorities,All Facilities,Other Urology Surgery,1627.0,7391.0,4.0,14.6
2011/12,All Health Authorities,All Facilities,Parotidectomy,133.0,353.0,8.0,31.2
2011/12,All Health Authorities,All Facilities,Prostate Surgery,1265.0,5356.0,5.0,17.7
2011/12,All Health Authorities,All Facilities,Rectal Surgery,901.0,1699.0,7.3,34.5
2011/12,All Health Authorities,All Facilities,Rib Resection,34.0,83.0,24.1,40.8
2011/12,All Health Authorities,All Facilities,Scope of Chest,57.0,637.0,2.0,4.9
2011/12,All Health Authorities,All Facilities,Shoulder Surgery,2378.0,3392.0,11.1,42.1
2011/12,All Health Authorities,All Facilities,Shunt Insertion/Removal,7.0,28.0,2.9,20.1
2011/12,All Health Authorities,All Facilities,Sinus Surgery,1722.0,2068.0,16.5,65.8
2011/12,All Health Authorities,All Facilities,Skin Surgery,318.0,992.0,3.6,22.6
2011/12,All Health Authorities,All Facilities,Skin Tumour Removal,805.0,2937.0,3.6,18.0
2011/12,All Health Authorities,All Facilities,Sphincterotomy,131.0,195.0,5.6,21.9
2011/12,All Health Authorities,All Facilities,Spinal/Back Surgery,1688.0,3755.0,5.3,34.8
2011/12,All Health Authorities,All Facilities,Tendon Surgery,255.0,750.0,3.9,24.6
2011/12,All Health Authorities,All Facilities,Thoracotomy,17.0,111.0,2.7,6.1
2011/12,All Health Authorities,All Facilities,Thyroidectomy,331.0,1340.0,5.6,24.0
2011/12,All Health Authorities,All Facilities,Tonsillectomy/Adenoidectomy,1676.0,3890.0,10.1,28.6
2011/12,All Health Authorities,All Facilities,Tympanoplasty,587.0,775.0,15.4,48.3
2011/12,All Health Authorities,All Facilities,Uterine Surgery,2675.0,12002.0,5.4,22.7
2011/12,All Health Authorities,All Facilities,Vaginal Repair,754.0,1557.0,7.7,30.5
2011/12,All Health Authorities,All Facilities,Varicose Veins Ligation/Stripping,1827.0,1231.0,10.9,75.0
2011/12,All Health Authorities,All Facilities,Vascular Bypass Graft - Non Cardiac,198.0,643.0,3.1,16.0
2011/12,All Health Authorities,All Facilities,Vascular Surgery - Other,316.0,1715.0,2.3,13.1
2011/12,All Health Authorities,All Facilities,Wound/Laceration Care,330.0,977.0,3.1,21.1
2012/13,All Health Authorities,All Facilities,Abdominoplasty,92.0,146.0,8.9,48.2
2012/13,All Health Authorities,All Facilities,Aortic Aneurysm Repair,63.0,392.0,4.2,12.0
2012/13,All Health Authorities,All Facilities,Appendectomy,25.0,113.0,3.9,11.3
2012/13,All Health Authorities,All Facilities,Bariatric Surgery,248.0,211.0,9.9,229.0
2012/13,All Health Authorities,All Facilities,Biopsy in OR,357.0,2484.0,2.7,11.6
2012/13,All Health Authorities,All Facilities,Bladder Surgery,1274.0,5422.0,4.0,20.9
2012/13,All Health Authorities,All Facilities,Bowel Resection,431.0,2886.0,3.0,12.3
2012/13,All Health Authorities,All Facilities,Breast Biopsy,183.0,1836.0,2.3,6.4
2012/13,All Health Authorities,All Facilities,Breast Reconstruction,738.0,1241.0,6.3,35.4
2012/13,All Health Authorities,All Facilities,Breast Reduction,1395.0,1808.0,10.6,41.4
2012/13,All Health Authorities,All Facilities,CSF Drainage,12.0,366.0,0.4,1.9
2012/13,All Health Authorities,All Facilities,Cataract Surgery,12461.0,48567.0,5.6,21.1
2012/13,All Health Authorities,All Facilities,Cholecystectomy,1548.0,5762.0,5.3,22.1
2012/13,All Health Authorities,All Facilities,Colostomy/Ileostomy,207.0,691.0,5.3,23.7
2012/13,All Health Authorities,All Facilities,Cone Biopsy,66.0,525.0,3.4,8.7
2012/13,All Health Authorities,All Facilities,Cranial Surgery,139.0,961.0,1.9,10.3
2012/13,All Health Authorities,All Facilities,Cyst/Ganglion Removal,445.0,1226.0,6.3,25.0
2012/13,All Health Authorities,All Facilities,D&C and Related Surgery,946.0,5441.0,3.6,13.4
2012/13,All Health Authorities,All Facilities,Dental Surgery,2203.0,6171.0,6.3,28.0
2012/13,All Health Authorities,All Facilities,Endarterectomy,147.0,614.0,3.0,12.0
2012/13,All Health Authorities,All Facilities,Esophagectomy,25.0,126.0,3.1,15.4
2012/13,All Health Authorities,All Facilities,Examination Under Anaesthetic,239.0,930.0,4.0,16.9
2012/13,All Health Authorities,All Facilities,Excision Gynecomastia,85.0,219.0,6.0,30.3
2012/13,All Health Authorities,All Facilities,Excision Lesion/Tumour,484.0,2409.0,3.3,16.3
2012/13,All Health Authorities,All Facilities,Facial Bone Reconstruction,205.0,777.0,5.0,24.5
2012/13,All Health Authorities,All Facilities,Fallopian Tube/Ovarian Surgery,1041.0,3766.0,5.4,22.0
2012/13,All Health Authorities,All Facilities,Fistula Repair - Non Vascular,64.0,189.0,6.1,22.5
2012/13,All Health Authorities,All Facilities,Foot/Ankle Surgery,513.0,762.0,12.6,38.1
2012/13,All Health Authorities,All Facilities,Foreign Body Removal Surgery,52.0,210.0,3.1,19.7
2012/13,All Health Authorities,All Facilities,Fracture Repair,211.0,1167.0,1.0,13.9
2012/13,All Health Authorities,All Facilities,Free Flap Graft,23.0,117.0,3.0,14.7
2012/13,All Health Authorities,All Facilities,Gastrostomy/Jejunostomy,10.0,87.0,1.4,6.3
2012/13,All Health Authorities,All Facilities,Hand/Wrist Surgery,909.0,2002.0,6.6,29.0
2012/13,All Health Authorities,All Facilities,Hernia Repair - Abdominal,4096.0,11286.0,7.7,32.0
2012/13,All Health Authorities,All Facilities,Hernia Repair - Hiatal,215.0,279.0,13.9,54.3
2012/13,All Health Authorities,All Facilities,Hip Replacement,2193.0,4998.0,13.4,31.4
2012/13,All Health Authorities,All Facilities,Kidney/Bladder Stone Removal,223.0,1479.0,3.7,11.1
2012/13,All Health Authorities,All Facilities,Knee - ACL Repair,909.0,1916.0,9.0,34.1
2012/13,All Health Authorities,All Facilities,Knee - Meniscectomy,708.0,2700.0,7.7,31.1
2012/13,All Health Authorities,All Facilities,Knee Arthroscopy,2769.0,5628.0,8.0,30.7
2012/13,All Health Authorities,All Facilities,Knee Replacement,4210.0,7206.0,17.6,36.6
2012/13,All Health Authorities,All Facilities,Laparoscopy,330.0,1444.0,4.4,18.1
2012/13,All Health Authorities,All Facilities,Laparotomy,63.0,362.0,3.0,12.6
2012/13,All Health Authorities,All Facilities,Lens & Vitreous (non-cataract) Surgery,513.0,2997.0,2.9,16.0
2012/13,All Health Authorities,All Facilities,Ligament Surgery,65.0,167.0,6.1,25.6
2012/13,All Health Authorities,All Facilities,Lipectomy,42.0,125.0,5.0,18.3
2012/13,All Health Authorities,All Facilities,Lung Surgery,69.0,686.0,2.1,5.3
2012/13,All Health Authorities,All Facilities,Male Reproductive Surgery,825.0,2256.0,6.0,27.4
2012/13,All Health Authorities,All Facilities,Mastectomy,352.0,3838.0,2.1,6.0
2012/13,All Health Authorities,All Facilities,Mastoidectomy,148.0,298.0,9.9,37.2
2012/13,All Health Authorities,All Facilities,Myringotomy,572.0,1637.0,5.0,18.1
2012/13,All Health Authorities,All Facilities,Nasal Surgery,2071.0,3433.0,12.6,44.6
2012/13,All Health Authorities,All Facilities,Nerve Surgery,391.0,944.0,6.0,30.6
2012/13,All Health Authorities,All Facilities,Oral Cavity & Pharynx Surgery,91.0,352.0,5.1,24.0
2012/13,All Health Authorities,All Facilities,Other Ear Surgery,90.0,264.0,8.5,34.5
2012/13,All Health Authorities,All Facilities,Other Eye Surgery,1311.0,4512.0,4.1,24.6
2012/13,All Health Authorities,All Facilities,Other Joint Reconstruction,1241.0,2009.0,8.0,38.3
2012/13,All Health Authorities,All Facilities,Other Orthopaedic Surgery,2555.0,6732.0,6.3,32.4
2012/13,All Health Authorities,All Facilities,Other Urology Surgery,1488.0,8031.0,4.0,15.1
2012/13,All Health Authorities,All Facilities,Parotidectomy,118.0,365.0,8.7,29.2
2012/13,All Health Authorities,All Facilities,Prostate Surgery,1307.0,5199.0,4.9,19.0
2012/13,All Health Authorities,All Facilities,Rectal Surgery,818.0,1605.0,8.3,37.1
2012/13,All Health Authorities,All Facilities,Rib Resection,18.0,86.0,19.9,55.8
2012/13,All Health Authorities,All Facilities,Scope of Chest,43.0,570.0,2.1,5.7
2012/13,All Health Authorities,All Facilities,Shoulder Surgery,2323.0,3406.0,11.0,39.6
2012/13,All Health Authorities,All Facilities,Shunt Insertion/Removal,,28.0,2.4,12.5
2012/13,All Health Authorities,All Facilities,Sinus Surgery,1707.0,2036.0,15.4,62.3
2012/13,All Health Authorities,All Facilities,Skin Surgery,318.0,902.0,4.0,22.6
2012/13,All Health Authorities,All Facilities,Skin Tumour Removal,701.0,2970.0,3.4,17.9
2012/13,All Health Authorities,All Facilities,Sphincterotomy,117.0,216.0,7.9,35.2
2012/13,All Health Authorities,All Facilities,Spinal/Back Surgery,1606.0,3603.0,5.9,32.0
2012/13,All Health Authorities,All Facilities,Tendon Surgery,281.0,718.0,3.9,25.6
2012/13,All Health Authorities,All Facilities,Thoracotomy,9.0,122.0,2.6,5.4
2012/13,All Health Authorities,All Facilities,Thyroidectomy,374.0,1250.0,5.4,24.0
2012/13,All Health Authorities,All Facilities,Tonsillectomy/Adenoidectomy,1572.0,3722.0,8.7,32.0
2012/13,All Health Authorities,All Facilities,Tympanoplasty,504.0,863.0,12.1,41.4
2012/13,All Health Authorities,All Facilities,Uterine Surgery,2666.0,11823.0,5.0,22.3
2012/13,All Health Authorities,All Facilities,Vaginal Repair,672.0,1686.0,8.6,36.8
2012/13,All Health Authorities,All Facilities,Varicose Veins Ligation/Stripping,1657.0,1197.0,13.4,112.4
2012/13,All Health Authorities,All Facilities,Vascular Bypass Graft - Non Cardiac,160.0,665.0,3.3,16.1
2012/13,All Health Authorities,All Facilities,Vascular Surgery - Other,308.0,1701.0,2.6,12.3
2012/13,All Health Authorities,All Facilities,Wound/Laceration Care,342.0,1009.0,3.4,20.9
2013/14,All Health Authorities,All Facilities,Abdominoplasty,92.0,155.0,9.1,46.9
2013/14,All Health Authorities,All Facilities,Aortic Aneurysm Repair,54.0,419.0,3.3,13.9
2013/14,All Health Authorities,All Facilities,Appendectomy,19.0,115.0,4.6,15.1
2013/14,All Health Authorities,All Facilities,Bariatric Surgery,173.0,246.0,10.5,176.8
2013/14,All Health Authorities,All Facilities,Biopsy in OR,385.0,2512.0,2.6,11.9
2013/14,All Health Authorities,All Facilities,Bladder Surgery,1211.0,5530.0,4.0,19.7
2013/14,All Health Authorities,All Facilities,Bowel Resection,513.0,3153.0,2.9,10.1
2013/14,All Health Authorities,All Facilities,Breast Biopsy,153.0,1729.0,2.3,6.3
2013/14,All Health Authorities,All Facilities,Breast Reconstruction,587.0,1298.0,9.0,45.3
2013/14,All Health Authorities,All Facilities,Breast Reduction,1123.0,1785.0,14.1,52.3
2013/14,All Health Authorities,All Facilities,CSF Drainage,25.0,515.0,0.3,1.1
2013/14,All Health Authorities,All Facilities,Cataract Surgery,16579.0,48961.0,6.1,24.7
2013/14,All Health Authorities,All Facilities,Cholecystectomy,1621.0,5667.0,5.0,20.4
2013/14,All Health Authorities,All Facilities,Colostomy/Ileostomy,213.0,745.0,4.9,24.2
2013/14,All Health Authorities,All Facilities,Cone Biopsy,53.0,429.0,3.6,8.9
2013/14,All Health Authorities,All Facilities,Cranial Surgery,157.0,964.0,2.1,13.8
2013/14,All Health Authorities,All Facilities,Cyst/Ganglion Removal,437.0,1272.0,5.9,25.0
2013/14,All Health Authorities,All Facilities,D&C and Related Surgery,907.0,5076.0,3.4,12.9
2013/14,All Health Authorities,All Facilities,Dental Surgery,2188.0,6127.0,6.9,28.9
2013/14,All Health Authorities,All Facilities,Endarterectomy,145.0,630.0,2.9,13.4
2013/14,All Health Authorities,All Facilities,Esophagectomy,22.0,129.0,2.6,10.7
2013/14,All Health Authorities,All Facilities,Examination Under Anaesthetic,219.0,925.0,4.3,18.6
2013/14,All Health Authorities,All Facilities,Excision Gynecomastia,105.0,219.0,8.1,31.1
2013/14,All Health Authorities,All Facilities,Excision Lesion/Tumour,520.0,2398.0,3.4,15.5
2013/14,All Health Authorities,All Facilities,Facial Bone Reconstruction,180.0,763.0,5.4,22.1
2013/14,All Health Authorities,All Facilities,Fallopian Tube/Ovarian Surgery,1067.0,3746.0,5.1,20.0
2013/14,All Health Authorities,All Facilities,Fistula Repair - Non Vascular,56.0,195.0,6.7,25.0
2013/14,All Health Authorities,All Facilities,Foot/Ankle Surgery,506.0,828.0,12.9,38.5
2013/14,All Health Authorities,All Facilities,Foreign Body Removal Surgery,43.0,254.0,2.9,15.7
2013/14,All Health Authorities,All Facilities,Fracture Repair,176.0,1163.0,0.9,12.7
2013/14,All Health Authorities,All Facilities,Free Flap Graft,24.0,119.0,3.0,12.8
2013/14,All Health Authorities,All Facilities,Gastrostomy/Jejunostomy,9.0,90.0,1.3,7.4
2013/14,All Health Authorities,All Facilities,Hand/Wrist Surgery,675.0,2206.0,6.7,28.1
2013/14,All Health Authorities,All Facilities,Hernia Repair - Abdominal,4252.0,11549.0,7.6,30.3
2013/14,All Health Authorities,All Facilities,Hernia Repair - Hiatal,217.0,266.0,11.6,43.2
2013/14,All Health Authorities,All Facilities,Hip Replacement,2939.0,4990.0,14.7,36.9
2013/14,All Health Authorities,All Facilities,Kidney/Bladder Stone Removal,273.0,1576.0,3.6,10.9
2013/14,All Health Authorities,All Facilities,Knee - ACL Repair,800.0,1944.0,8.7,38.7
2013/14,All Health Authorities,All Facilities,Knee - Meniscectomy,692.0,2867.0,7.1,29.0
2013/14,All Health Authorities,All Facilities,Knee Arthroscopy,2693.0,5089.0,8.0,34.6
2013/14,All Health Authorities,All Facilities,Knee Replacement,5447.0,6863.0,18.4,41.1
2013/14,All Health Authorities,All Facilities,Laparoscopy,256.0,1247.0,4.9,17.7
2013/14,All Health Authorities,All Facilities,Laparotomy,64.0,342.0,3.3,15.7
2013/14,All Health Authorities,All Facilities,Lens & Vitreous (non-cataract) Surgery,757.0,2556.0,4.1,20.5
2013/14,All Health Authorities,All Facilities,Ligament Surgery,48.0,137.0,5.9,30.9
2013/14,All Health Authorities,All Facilities,Lipectomy,30.0,114.0,7.0,26.1
2013/14,All Health Authorities,All Facilities,Lung Surgery,67.0,628.0,2.1,5.9
2013/14,All Health Authorities,All Facilities,Male Reproductive Surgery,745.0,2124.0,6.0,30.3
2013/14,All Health Authorities,All Facilities,Mastectomy,436.0,4062.0,2.1,6.9
2013/14,All Health Authorities,All Facilities,Mastoidectomy,157.0,317.0,11.0,34.7
2013/14,All Health Authorities,All Facilities,Myringotomy,557.0,1659.0,5.1,22.2
2013/14,All Health Authorities,All Facilities,Nasal Surgery,1782.0,3427.0,10.0,40.3
2013/14,All Health Authorities,All Facilities,Nerve Surgery,352.0,907.0,6.3,34.9
2013/14,All Health Authorities,All Facilities,Oral Cavity & Pharynx Surgery,97.0,369.0,5.6,24.1
2013/14,All Health Authorities,All Facilities,Other Ear Surgery,90.0,258.0,7.9,30.3
2013/14,All Health Authorities,All Facilities,Other Eye Surgery,1311.0,4318.0,5.0,26.2
2013/14,All Health Authorities,All Facilities,Other Joint Reconstruction,1071.0,2117.0,10.9,47.2
2013/14,All Health Authorities,All Facilities,Other Orthopaedic Surgery,2317.0,6862.0,6.5,31.9
2013/14,All Health Authorities,All Facilities,Other Urology Surgery,1227.0,7201.0,3.4,13.1
2013/14,All Health Authorities,All Facilities,Parotidectomy,140.0,341.0,8.4,31.0
2013/14,All Health Authorities,All Facilities,Prostate Surgery,1162.0,5014.0,5.0,21.0
2013/14,All Health Authorities,All Facilities,Rectal Surgery,764.0,1742.0,7.7,33.1
2013/14,All Health Authorities,All Facilities,Rib Resection,9.0,37.0,5.1,26.3
2013/14,All Health Authorities,All Facilities,Scope of Chest,64.0,576.0,2.3,6.1
2013/14,All Health Authorities,All Facilities,Shoulder Surgery,2001.0,3430.0,9.7,46.0
2013/14,All Health Authorities,All Facilities,Shunt Insertion/Removal,,27.0,2.1,9.5
2013/14,All Health Authorities,All Facilities,Sinus Surgery,1155.0,1951.0,14.0,61.7
2013/14,All Health Authorities,All Facilities,Skin Surgery,289.0,910.0,5.7,28.7
2013/14,All Health Authorities,All Facilities,Skin Tumour Removal,656.0,2915.0,3.7,17.9
2013/14,All Health Authorities,All Facilities,Sphincterotomy,74.0,181.0,6.0,39.4
2013/14,All Health Authorities,All Facilities,Spinal/Back Surgery,1423.0,3462.0,8.1,32.3
2013/14,All Health Authorities,All Facilities,Tendon Surgery,252.0,757.0,4.3,25.1
2013/14,All Health Authorities,All Facilities,Thoracotomy,9.0,131.0,2.0,5.3
2013/14,All Health Authorities,All Facilities,Thyroidectomy,378.0,1296.0,6.3,25.2
2013/14,All Health Authorities,All Facilities,Tonsillectomy/Adenoidectomy,1376.0,3641.0,9.0,30.6
2013/14,All Health Authorities,All Facilities,Tympanoplasty,387.0,815.0,10.0,60.9
2013/14,All Health Authorities,All Facilities,Uterine Surgery,2630.0,11710.0,5.3,20.7
2013/14,All Health Authorities,All Facilities,Vaginal Repair,606.0,1583.0,7.7,30.6
2013/14,All Health Authorities,All Facilities,Varicose Veins Ligation/Stripping,1428.0,1360.0,15.9,104.0
2013/14,All Health Authorities,All Facilities,Vascular Bypass Graft - Non Cardiac,166.0,616.0,2.9,17.8
2013/14,All Health Authorities,All Facilities,Vascular Surgery - Other,290.0,1729.0,2.3,11.0
2013/14,All Health Authorities,All Facilities,Wound/Laceration Care,263.0,972.0,3.3,20.0
2014/15,All Health Authorities,All Facilities,Abdominoplasty,58.0,162.0,15.4,39.0
2014/15,All Health Authorities,All Facilities,Aortic Aneurysm Repair,54.0,446.0,3.6,12.1
2014/15,All Health Authorities,All Facilities,Appendectomy,44.0,163.0,3.3,11.9
2014/15,All Health Authorities,All Facilities,Bariatric Surgery,68.0,363.0,6.6,69.7
2014/15,All Health Authorities,All Facilities,Biopsy in OR,345.0,2424.0,2.7,11.7
2014/15,All Health Authorities,All Facilities,Bladder Surgery,1031.0,5373.0,4.0,20.8
2014/15,All Health Authorities,All Facilities,Bowel Resection,471.0,3317.0,3.1,11.4
2014/15,All Health Authorities,All Facilities,Breast Biopsy,124.0,1619.0,2.4,6.3
2014/15,All Health Authorities,All Facilities,Breast Reconstruction,566.0,1223.0,8.1,40.0
2014/15,All Health Authorities,All Facilities,Breast Reduction,1039.0,1794.0,13.6,44.2
2014/15,All Health Authorities,All Facilities,CSF Drainage,13.0,598.0,0.1,1.0
2014/15,All Health Authorities,All Facilities,Cataract Surgery,19496.0,51223.0,9.1,32.6
2014/15,All Health Authorities,All Facilities,Cholecystectomy,1632.0,5582.0,5.6,23.6
2014/15,All Health Authorities,All Facilities,Colostomy/Ileostomy,211.0,686.0,6.0,26.9
2014/15,All Health Authorities,All Facilities,Cone Biopsy,40.0,414.0,3.4,9.5
2014/15,All Health Authorities,All Facilities,Cranial Surgery,149.0,979.0,2.3,15.6
2014/15,All Health Authorities,All Facilities,Cyst/Ganglion Removal,429.0,1233.0,6.3,25.6
2014/15,All Health Authorities,All Facilities,D&C and Related Surgery,989.0,5274.0,3.9,13.9
2014/15,All Health Authorities,All Facilities,Dental Surgery,2024.0,6297.0,7.1,29.4
2014/15,All Health Authorities,All Facilities,Endarterectomy,139.0,608.0,2.7,15.6
2014/15,All Health Authorities,All Facilities,Esophagectomy,35.0,122.0,2.9,21.6
2014/15,All Health Authorities,All Facilities,Examination Under Anaesthetic,226.0,977.0,4.1,21.9
2014/15,All Health Authorities,All Facilities,Excision Gynecomastia,76.0,200.0,9.9,33.6
2014/15,All Health Authorities,All Facilities,Excision Lesion/Tumour,506.0,2422.0,4.0,17.3
2014/15,All Health Authorities,All Facilities,Facial Bone Reconstruction,177.0,676.0,5.3,22.8
2014/15,All Health Authorities,All Facilities,Fallopian Tube/Ovarian Surgery,965.0,3720.0,5.6,20.7
2014/15,All Health Authorities,All Facilities,Fistula Repair - Non Vascular,54.0,157.0,8.6,30.9
2014/15,All Health Authorities,All Facilities,Foot/Ankle Surgery,395.0,850.0,12.0,39.0
2014/15,All Health Authorities,All Facilities,Foreign Body Removal Surgery,40.0,199.0,3.1,15.5
2014/15,All Health Authorities,All Facilities,Fracture Repair,142.0,1120.0,0.9,9.7
2014/15,All Health Authorities,All Facilities,Free Flap Graft,22.0,115.0,3.1,16.4
2014/15,All Health Authorities,All Facilities,Gastrostomy/Jejunostomy,7.0,94.0,1.5,10.3
2014/15,All Health Authorities,All Facilities,Hand/Wrist Surgery,673.0,2022.0,7.0,26.3
2014/15,All Health Authorities,All Facilities,Hernia Repair - Abdominal,4265.0,11310.0,8.1,33.9
2014/15,All Health Authorities,All Facilities,Hernia Repair - Hiatal,198.0,239.0,14.7,49.1
2014/15,All Health Authorities,All Facilities,Hip Replacement,3090.0,5233.0,18.6,46.4
2014/15,All Health Authorities,All Facilities,Kidney/Bladder Stone Removal,293.0,1891.0,4.0,12.4
2014/15,All Health Authorities,All Facilities,Knee - ACL Repair,645.0,1882.0,8.4,34.3
2014/15,All Health Authorities,All Facilities,Knee - Meniscectomy,545.0,2578.0,7.4,29.6
2014/15,All Health Authorities,All Facilities,Knee Arthroscopy,2065.0,4714.0,9.6,36.0
2014/15,All Health Authorities,All Facilities,Knee Replacement,6056.0,7295.0,24.0,50.6
2014/15,All Health Authorities,All Facilities,Laparoscopy,221.0,1148.0,4.7,18.9
2014/15,All Health Authorities,All Facilities,Laparotomy,32.0,376.0,3.0,16.0
2014/15,All Health Authorities,All Facilities,Lens & Vitreous (non-cataract) Surgery,915.0,2770.0,4.9,25.9
2014/15,All Health Authorities,All Facilities,Ligament Surgery,40.0,142.0,5.6,26.9
2014/15,All Health Authorities,All Facilities,Lipectomy,34.0,106.0,4.9,17.9
2014/15,All Health Authorities,All Facilities,Lung Surgery,54.0,656.0,2.1,6.2
2014/15,All Health Authorities,All Facilities,Male Reproductive Surgery,785.0,2202.0,7.3,28.0
2014/15,All Health Authorities,All Facilities,Mastectomy,361.0,4147.0,2.4,7.0
2014/15,All Health Authorities,All Facilities,Mastoidectomy,155.0,355.0,10.1,33.2
2014/15,All Health Authorities,All Facilities,Myringotomy,493.0,1533.0,5.4,20.6
2014/15,All Health Authorities,All Facilities,Nasal Surgery,1680.0,3334.0,11.0,36.8
2014/15,All Health Authorities,All Facilities,Nerve Surgery,341.0,944.0,6.1,32.1
2014/15,All Health Authorities,All Facilities,Oral Cavity & Pharynx Surgery,140.0,394.0,7.1,26.0
2014/15,All Health Authorities,All Facilities,Other Ear Surgery,87.0,269.0,6.7,32.8
2014/15,All Health Authorities,All Facilities,Other Eye Surgery,1458.0,4475.0,5.1,26.7
2014/15,All Health Authorities,All Facilities,Other Joint Reconstruction,1147.0,1954.0,10.6,38.7
2014/15,All Health Authorities,All Facilities,Other Orthopaedic Surgery,2036.0,6698.0,5.7,29.4
2014/15,All Health Authorities,All Facilities,Other Urology Surgery,1216.0,6983.0,3.4,14.7
2014/15,All Health Authorities,All Facilities,Parotidectomy,185.0,351.0,10.7,36.0
2014/15,All Health Authorities,All Facilities,Prostate Surgery,1232.0,4871.0,5.0,19.9
2014/15,All Health Authorities,All Facilities,Rectal Surgery,683.0,1712.0,8.4,35.6
2014/15,All Health Authorities,All Facilities,Rib Resection,7.0,35.0,5.6,24.7
2014/15,All Health Authorities,All Facilities,Scope of Chest,67.0,627.0,2.9,7.1
2014/15,All Health Authorities,All Facilities,Shoulder Surgery,1757.0,3614.0,10.9,38.9
2014/15,All Health Authorities,All Facilities,Shunt Insertion/Removal,,23.0,1.0,4.1
2014/15,All Health Authorities,All Facilities,Sinus Surgery,1232.0,1791.0,12.4,49.2
2014/15,All Health Authorities,All Facilities,Skin Surgery,264.0,830.0,6.0,29.9
2014/15,All Health Authorities,All Facilities,Skin Tumour Removal,635.0,3144.0,3.7,16.7
2014/15,All Health Authorities,All Facilities,Sphincterotomy,38.0,169.0,6.0,33.1
2014/15,All Health Authorities,All Facilities,Spinal/Back Surgery,1571.0,3453.0,8.3,31.7
2014/15,All Health Authorities,All Facilities,Tendon Surgery,223.0,741.0,4.4,25.4
2014/15,All Health Authorities,All Facilities,Thoracotomy,12.0,105.0,2.7,7.1
2014/15,All Health Authorities,All Facilities,Thyroidectomy,426.0,1199.0,7.0,29.7
2014/15,All Health Authorities,All Facilities,Tonsillectomy/Adenoidectomy,1382.0,3692.0,8.7,27.0
2014/15,All Health Authorities,All Facilities,Tympanoplasty,433.0,771.0,11.0,32.1
2014/15,All Health Authorities,All Facilities,Uterine Surgery,2566.0,12005.0,5.9,22.7
2014/15,All Health Authorities,All Facilities,Vaginal Repair,569.0,1482.0,8.9,34.0
2014/15,All Health Authorities,All Facilities,Varicose Veins Ligation/Stripping,1293.0,1399.0,16.4,66.0
2014/15,All Health Authorities,All Facilities,Vascular Bypass Graft - Non Cardiac,140.0,608.0,3.0,16.0
2014/15,All Health Authorities,All Facilities,Vascular Surgery - Other,197.0,1669.0,2.6,11.6
2014/15,All Health Authorities,All Facilities,Wound/Laceration Care,268.0,1000.0,2.8,22.0
2015/16,All Health Authorities,All Facilities,Abdominoplasty,85.0,165.0,8.7,33.9
2015/16,All Health Authorities,All Facilities,Aortic Aneurysm Repair,64.0,411.0,3.1,9.6
2015/16,All Health Authorities,All Facilities,Appendectomy,44.0,198.0,4.6,17.9
2015/16,All Health Authorities,All Facilities,Bariatric Surgery,66.0,381.0,5.9,21.1
2015/16,All Health Authorities,All Facilities,Biopsy in OR,323.0,2385.0,2.7,11.9
2015/16,All Health Authorities,All Facilities,Bladder Surgery,1094.0,5268.0,4.0,19.6
2015/16,All Health Authorities,All Facilities,Bowel Resection,459.0,3072.0,3.3,12.7
2015/16,All Health Authorities,All Facilities,Breast Biopsy,138.0,1439.0,2.7,7.0
2015/16,All Health Authorities,All Facilities,Breast Reconstruction,608.0,1103.0,8.9,41.9
2015/16,All Health Authorities,All Facilities,Breast Reduction,1177.0,1638.0,14.6,42.8
2015/16,All Health Authorities,All Facilities,CSF Drainage,20.0,636.0,0.3,1.0
2015/16,All Health Authorities,All Facilities,Cataract Surgery,20275.0,55256.0,10.4,35.3
2015/16,All Health Authorities,All Facilities,Cholecystectomy,1558.0,5351.0,6.0,24.0
2015/16,All Health Authorities,All Facilities,Colostomy/Ileostomy,222.0,747.0,7.3,27.7
2015/16,All Health Authorities,All Facilities,Cone Biopsy,50.0,407.0,3.7,11.3
2015/16,All Health Authorities,All Facilities,Cranial Surgery,184.0,1004.0,1.7,14.5
2015/16,All Health Authorities,All Facilities,Cyst/Ganglion Removal,450.0,1222.0,6.1,27.7
2015/16,All Health Authorities,All Facilities,D&C and Related Surgery,1149.0,5170.0,4.1,15.6
2015/16,All Health Authorities,All Facilities,Dental Surgery,2082.0,6109.0,7.9,28.3
2015/16,All Health Authorities,All Facilities,Endarterectomy,134.0,633.0,3.3,17.0
2015/16,All Health Authorities,All Facilities,Esophagectomy,31.0,150.0,3.1,27.2
2015/16,All Health Authorities,All Facilities,Examination Under Anaesthetic,268.0,906.0,4.9,22.6
2015/16,All Health Authorities,All Facilities,Excision Gynecomastia,103.0,156.0,7.4,33.1
2015/16,All Health Authorities,All Facilities,Excision Lesion/Tumour,535.0,2392.0,4.0,16.1
2015/16,All Health Authorities,All Facilities,Facial Bone Reconstruction,188.0,721.0,5.6,23.0
2015/16,All Health Authorities,All Facilities,Fallopian Tube/Ovarian Surgery,1226.0,3522.0,6.1,21.2
2015/16,All Health Authorities,All Facilities,Fistula Repair - Non Vascular,59.0,173.0,7.0,28.5
2015/16,All Health Authorities,All Facilities,Foot/Ankle Surgery,482.0,906.0,10.0,36.9
2015/16,All Health Authorities,All Facilities,Foreign Body Removal Surgery,53.0,215.0,2.9,13.3
2015/16,All Health Authorities,All Facilities,Fracture Repair,153.0,1150.0,0.9,10.0
2015/16,All Health Authorities,All Facilities,Free Flap Graft,17.0,109.0,3.9,20.1
2015/16,All Health Authorities,All Facilities,Gastrostomy/Jejunostomy,17.0,109.0,1.0,5.0
2015/16,All Health Authorities,All Facilities,Hand/Wrist Surgery,708.0,1953.0,6.9,25.9
2015/16,All Health Authorities,All Facilities,Hernia Repair - Abdominal,4180.0,11606.0,9.1,31.6
2015/16,All Health Authorities,All Facilities,Hernia Repair - Hiatal,164.0,255.0,13.1,45.3
2015/16,All Health Authorities,All Facilities,Hip Replacement,3511.0,5520.0,21.1,48.9
2015/16,All Health Authorities,All Facilities,Kidney/Bladder Stone Removal,327.0,1999.0,4.1,11.7
2015/16,All Health Authorities,All Facilities,Knee - ACL Repair,533.0,1816.0,7.0,28.1
2015/16,All Health Authorities,All Facilities,Knee - Meniscectomy,485.0,2165.0,7.0,27.9
2015/16,All Health Authorities,All Facilities,Knee Arthroscopy,1417.0,4356.0,7.3,29.9
2015/16,All Health Authorities,All Facilities,Knee Replacement,6927.0,7990.0,28.0,54.0
2015/16,All Health Authorities,All Facilities,Laparoscopy,249.0,1033.0,5.3,20.0
2015/16,All Health Authorities,All Facilities,Laparotomy,43.0,325.0,3.3,14.6
2015/16,All Health Authorities,All Facilities,Lens & Vitreous (non-cataract) Surgery,936.0,2842.0,5.0,24.0
2015/16,All Health Authorities,All Facilities,Ligament Surgery,40.0,141.0,5.6,19.9
2015/16,All Health Authorities,All Facilities,Lipectomy,36.0,120.0,6.1,38.7
2015/16,All Health Authorities,All Facilities,Lung Surgery,46.0,635.0,2.0,5.4
2015/16,All Health Authorities,All Facilities,Male Reproductive Surgery,674.0,2267.0,7.1,29.0
2015/16,All Health Authorities,All Facilities,Mastectomy,430.0,4156.0,2.4,7.1
2015/16,All Health Authorities,All Facilities,Mastoidectomy,165.0,338.0,10.4,32.6
2015/16,All Health Authorities,All Facilities,Myringotomy,410.0,1606.0,5.9,20.4
2015/16,All Health Authorities,All Facilities,Nasal Surgery,1702.0,3470.0,11.9,38.4
2015/16,All Health Authorities,All Facilities,Nerve Surgery,330.0,951.0,5.7,26.3
2015/16,All Health Authorities,All Facilities,Oral Cavity & Pharynx Surgery,132.0,459.0,7.9,23.4
2015/16,All Health Authorities,All Facilities,Other Ear Surgery,104.0,231.0,8.1,37.0
2015/16,All Health Authorities,All Facilities,Other Eye Surgery,1452.0,4835.0,5.3,27.1
2015/16,All Health Authorities,All Facilities,Other Joint Reconstruction,1216.0,1996.0,12.0,43.9
2015/16,All Health Authorities,All Facilities,Other Orthopaedic Surgery,2144.0,6525.0,5.9,26.9
2015/16,All Health Authorities,All Facilities,Other Urology Surgery,1127.0,6922.0,3.7,14.4
2015/16,All Health Authorities,All Facilities,Parotidectomy,193.0,375.0,11.1,44.0
2015/16,All Health Authorities,All Facilities,Prostate Surgery,1156.0,5093.0,5.0,21.0
2015/16,All Health Authorities,All Facilities,Rectal Surgery,757.0,1544.0,8.6,34.0
2015/16,All Health Authorities,All Facilities,Rib Resection,15.0,35.0,4.8,15.7
2015/16,All Health Authorities,All Facilities,Scope of Chest,69.0,554.0,2.8,7.1
2015/16,All Health Authorities,All Facilities,Shoulder Surgery,1628.0,3422.0,9.7,36.1
2015/16,All Health Authorities,All Facilities,Shunt Insertion/Removal,,25.0,2.7,7.5
2015/16,All Health Authorities,All Facilities,Sinus Surgery,1107.0,1906.0,14.5,48.9
2015/16,All Health Authorities,All Facilities,Skin Surgery,313.0,797.0,6.0,30.8
2015/16,All Health Authorities,All Facilities,Skin Tumour Removal,654.0,2876.0,3.7,17.3
2015/16,All Health Authorities,All Facilities,Sphincterotomy,56.0,107.0,5.1,24.6
2015/16,All Health Authorities,All Facilities,Spinal/Back Surgery,1531.0,3440.0,8.9,34.1
2015/16,All Health Authorities,All Facilities,Tendon Surgery,288.0,830.0,4.3,24.9
2015/16,All Health Authorities,All Facilities,Thoracotomy,20.0,129.0,2.9,8.2
2015/16,All Health Authorities,All Facilities,Thyroidectomy,483.0,1149.0,8.4,36.9
2015/16,All Health Authorities,All Facilities,Tonsillectomy/Adenoidectomy,1334.0,3673.0,9.0,30.3
2015/16,All Health Authorities,All Facilities,Tympanoplasty,387.0,821.0,10.0,39.4
2015/16,All Health Authorities,All Facilities,Uterine Surgery,2835.0,11955.0,6.0,23.0
2015/16,All Health Authorities,All Facilities,Vaginal Repair,630.0,1490.0,9.9,34.2
2015/16,All Health Authorities,All Facilities,Varicose Veins Ligation/Stripping,1315.0,1342.0,18.6,69.0
2015/16,All Health Authorities,All Facilities,Vascular Bypass Graft - Non Cardiac,137.0,624.0,3.0,17.5
2015/16,All Health Authorities,All Facilities,Vascular Surgery - Other,254.0,1626.0,2.7,11.1
2015/16,All Health Authorities,All Facilities,Wound/Laceration Care,249.0,947.0,3.1,19.3
2016/17,All Health Authorities,All Facilities,Abdominoplasty,102.0,166.0,10.8,36.1
2016/17,All Health Authorities,All Facilities,Aortic Aneurysm Repair,71.0,421.0,4.0,11.3
2016/17,All Health Authorities,All Facilities,Appendectomy,48.0,189.0,5.7,17.1
2016/17,All Health Authorities,All Facilities,Bariatric Surgery,93.0,367.0,5.9,26.4
2016/17,All Health Authorities,All Facilities,Biopsy in OR,334.0,2296.0,2.9,12.1
2016/17,All Health Authorities,All Facilities,Bladder Surgery,931.0,5235.0,4.0,18.9
2016/17,All Health Authorities,All Facilities,Bowel Resection,488.0,2789.0,3.4,13.1
2016/17,All Health Authorities,All Facilities,Breast Biopsy,132.0,1528.0,2.7,6.9
2016/17,All Health Authorities,All Facilities,Breast Reconstruction,565.0,1226.0,8.9,35.3
2016/17,All Health Authorities,All Facilities,Breast Reduction,1478.0,1628.0,17.7,46.2
2016/17,All Health Authorities,All Facilities,CSF Drainage,15.0,453.0,0.4,1.6
2016/17,All Health Authorities,All Facilities,Cataract Surgery,22380.0,57613.0,10.9,36.9
2016/17,All Health Authorities,All Facilities,Cholecystectomy,1675.0,5452.0,6.4,23.3
2016/17,All Health Authorities,All Facilities,Colostomy/Ileostomy,235.0,690.0,8.0,28.9
2016/17,All Health Authorities,All Facilities,Cone Biopsy,52.0,344.0,4.6,11.8
2016/17,All Health Authorities,All Facilities,Cranial Surgery,176.0,1051.0,1.9,10.3
2016/17,All Health Authorities,All Facilities,Cyst/Ganglion Removal,426.0,1189.0,6.7,29.9
2016/17,All Health Authorities,All Facilities,D&C and Related Surgery,1223.0,5375.0,4.4,18.6
2016/17,All Health Authorities,All Facilities,Dental Surgery,2229.0,6160.0,8.6,30.1
2016/17,All Health Authorities,All Facilities,Endarterectomy,124.0,595.0,3.4,19.3
2016/17,All Health Authorities,All Facilities,Esophagectomy,33.0,159.0,3.0,17.3
2016/17,All Health Authorities,All Facilities,Examination Under Anaesthetic,246.0,1010.0,4.7,21.9
2016/17,All Health Authorities,All Facilities,Excision Gynecomastia,108.0,163.0,9.0,38.0
2016/17,All Health Authorities,All Facilities,Excision Lesion/Tumour,532.0,2538.0,4.0,16.8
2016/17,All Health Authorities,All Facilities,Facial Bone Reconstruction,253.0,702.0,5.3,22.0
2016/17,All Health Authorities,All Facilities,Fallopian Tube/Ovarian Surgery,1286.0,3735.0,6.6,24.6
2016/17,All Health Authorities,All Facilities,Fistula Repair - Non Vascular,49.0,177.0,5.0,22.4
2016/17,All Health Authorities,All Facilities,Foot/Ankle Surgery,482.0,770.0,13.9,42.6
2016/17,All Health Authorities,All Facilities,Foreign Body Removal Surgery,48.0,231.0,3.3,13.1
2016/17,All Health Authorities,All Facilities,Fracture Repair,156.0,1099.0,0.9,13.2
2016/17,All Health Authorities,All Facilities,Free Flap Graft,24.0,108.0,3.6,16.9
2016/17,All Health Authorities,All Facilities,Gastrostomy/Jejunostomy,17.0,80.0,3.4,13.9
2016/17,All Health Authorities,All Facilities,Hand/Wrist Surgery,666.0,2285.0,6.9,26.1
2016/17,All Health Authorities,All Facilities,Hernia Repair - Abdominal,4418.0,12562.0,8.7,30.7
2016/17,All Health Authorities,All Facilities,Hernia Repair - Hiatal,144.0,288.0,11.2,38.8
2016/17,All Health Authorities,All Facilities,Hip Replacement,3544.0,5889.0,20.7,49.4
2016/17,All Health Authorities,All Facilities,Kidney/Bladder Stone Removal,322.0,2079.0,4.1,12.1
2016/17,All Health Authorities,All Facilities,Knee - ACL Repair,621.0,1799.0,6.9,27.0
2016/17,All Health Authorities,All Facilities,Knee - Meniscectomy,467.0,1985.0,6.3,24.3
2016/17,All Health Authorities,All Facilities,Knee Arthroscopy,1340.0,3840.0,6.7,27.9
2016/17,All Health Authorities,All Facilities,Knee Replacement,7543.0,8494.0,27.4,55.6
2016/17,All Health Authorities,All Facilities,Laparoscopy,264.0,1133.0,5.3,19.9
2016/17,All Health Authorities,All Facilities,Laparotomy,45.0,336.0,3.6,15.9
2016/17,All Health Authorities,All Facilities,Lens & Vitreous (non-cataract) Surgery,1333.0,3759.0,3.0,22.6
2016/17,All Health Authorities,All Facilities,Ligament Surgery,73.0,186.0,5.4,23.9
2016/17,All Health Authorities,All Facilities,Lipectomy,24.0,60.0,7.9,39.3
2016/17,All Health Authorities,All Facilities,Lung Surgery,51.0,630.0,2.0,5.3
2016/17,All Health Authorities,All Facilities,Male Reproductive Surgery,772.0,2217.0,7.1,27.0
2016/17,All Health Authorities,All Facilities,Mastectomy,532.0,4294.0,2.7,8.0
2016/17,All Health Authorities,All Facilities,Mastoidectomy,158.0,330.0,11.1,42.6
2016/17,All Health Authorities,All Facilities,Myringotomy,520.0,1407.0,6.3,21.6
2016/17,All Health Authorities,All Facilities,Nasal Surgery,2027.0,3161.0,11.0,39.3
2016/17,All Health Authorities,All Facilities,Nerve Surgery,361.0,1078.0,6.7,30.3
2016/17,All Health Authorities,All Facilities,Oral Cavity & Pharynx Surgery,141.0,383.0,7.1,30.4
2016/17,All Health Authorities,All Facilities,Other Ear Surgery,100.0,248.0,9.0,40.9
2016/17,All Health Authorities,All Facilities,Other Eye Surgery,1509.0,4897.0,5.9,25.6
2016/17,All Health Authorities,All Facilities,Other Joint Reconstruction,1216.0,1990.0,12.9,40.4
2016/17,All Health Authorities,All Facilities,Other Orthopaedic Surgery,2228.0,6400.0,6.4,28.9
2016/17,All Health Authorities,All Facilities,Other Urology Surgery,1333.0,6598.0,3.7,14.1
2016/17,All Health Authorities,All Facilities,Parotidectomy,197.0,401.0,12.0,40.3
2016/17,All Health Authorities,All Facilities,Prostate Surgery,1153.0,5079.0,4.9,20.9
2016/17,All Health Authorities,All Facilities,Rectal Surgery,741.0,1679.0,8.1,33.0
2016/17,All Health Authorities,All Facilities,Rib Resection,26.0,39.0,6.0,26.8
2016/17,All Health Authorities,All Facilities,Scope of Chest,89.0,580.0,3.9,9.4
2016/17,All Health Authorities,All Facilities,Shoulder Surgery,1625.0,3272.0,10.4,38.7
2016/17,All Health Authorities,All Facilities,Shunt Insertion/Removal,8.0,36.0,3.0,8.4
2016/17,All Health Authorities,All Facilities,Sinus Surgery,1177.0,1794.0,15.9,45.3
2016/17,All Health Authorities,All Facilities,Skin Surgery,345.0,797.0,6.0,33.1
2016/17,All Health Authorities,All Facilities,Skin Tumour Removal,779.0,3062.0,3.9,17.7
2016/17,All Health Authorities,All Facilities,Sphincterotomy,59.0,143.0,6.4,23.1
2016/17,All Health Authorities,All Facilities,Spinal/Back Surgery,1483.0,3467.0,8.9,33.0
2016/17,All Health Authorities,All Facilities,Tendon Surgery,377.0,853.0,5.1,30.3
2016/17,All Health Authorities,All Facilities,Thoracotomy,16.0,149.0,3.6,8.9
2016/17,All Health Authorities,All Facilities,Thyroidectomy,577.0,1131.0,9.4,41.1
2016/17,All Health Authorities,All Facilities,Tonsillectomy/Adenoidectomy,1647.0,3385.0,9.1,33.9
2016/17,All Health Authorities,All Facilities,Tympanoplasty,401.0,786.0,10.1,31.9
2016/17,All Health Authorities,All Facilities,Uterine Surgery,2995.0,12257.0,6.4,25.0
2016/17,All Health Authorities,All Facilities,Vaginal Repair,634.0,1474.0,9.4,35.0
2016/17,All Health Authorities,All Facilities,Varicose Veins Ligation/Stripping,1442.0,1282.0,18.9,55.8
2016/17,All Health Authorities,All Facilities,Vascular Bypass Graft - Non Cardiac,152.0,634.0,3.2,16.7
2016/17,All Health Authorities,All Facilities,Vascular Surgery - Other,291.0,1518.0,2.9,14.0
2016/17,All Health Authorities,All Facilities,Wound/Laceration Care,249.0,938.0,3.3,20.8
2017/18,All Health Authorities,All Facilities,Abdominoplasty,105.0,165.0,13.3,48.5
2017/18,All Health Authorities,All Facilities,Aortic Aneurysm Repair,49.0,498.0,3.4,10.9
2017/18,All Health Authorities,All Facilities,Appendectomy,53.0,191.0,5.3,17.6
2017/18,All Health Authorities,All Facilities,Bariatric Surgery,62.0,395.0,4.7,13.8
2017/18,All Health Authorities,All Facilities,Biopsy in OR,327.0,2201.0,3.0,12.3
2017/18,All Health Authorities,All Facilities,Bladder Surgery,955.0,5081.0,4.0,16.4
2017/18,All Health Authorities,All Facilities,Bowel Resection,449.0,2748.0,3.4,13.1
2017/18,All Health Authorities,All Facilities,Breast Biopsy,145.0,1573.0,2.7,7.0
2017/18,All Health Authorities,All Facilities,Breast Reconstruction,692.0,1236.0,8.0,36.7
2017/18,All Health Authorities,All Facilities,Breast Reduction,1573.0,1819.0,21.0,49.7
2017/18,All Health Authorities,All Facilities,CSF Drainage,6.0,67.0,1.3,8.3
2017/18,All Health Authorities,All Facilities,Cataract Surgery,23242.0,60889.0,11.0,36.7
2017/18,All Health Authorities,All Facilities,Cholecystectomy,1685.0,5398.0,6.0,22.3
2017/18,All Health Authorities,All Facilities,Colostomy/Ileostomy,222.0,696.0,8.5,30.1
2017/18,All Health Authorities,All Facilities,Cone Biopsy,50.0,318.0,4.6,13.9
2017/18,All Health Authorities,All Facilities,Cranial Surgery,174.0,934.0,2.0,12.5
2017/18,All Health Authorities,All Facilities,Cyst/Ganglion Removal,392.0,1173.0,6.0,26.9
2017/18,All Health Authorities,All Facilities,D&C and Related Surgery,1182.0,5711.0,4.3,17.3
2017/18,All Health Authorities,All Facilities,Dental Surgery,1750.0,6363.0,8.3,29.1
2017/18,All Health Authorities,All Facilities,Endarterectomy,112.0,607.0,2.9,14.9
2017/18,All Health Authorities,All Facilities,Esophagectomy,27.0,151.0,3.1,16.0
2017/18,All Health Authorities,All Facilities,Examination Under Anaesthetic,217.0,946.0,5.1,21.7
2017/18,All Health Authorities,All Facilities,Excision Gynecomastia,96.0,152.0,13.7,50.3
2017/18,All Health Authorities,All Facilities,Excision Lesion/Tumour,511.0,2699.0,4.0,14.3
2017/18,All Health Authorities,All Facilities,Facial Bone Reconstruction,333.0,664.0,6.9,28.0
2017/18,All Health Authorities,All Facilities,Fallopian Tube/Ovarian Surgery,1195.0,3621.0,6.4,22.3
2017/18,All Health Authorities,All Facilities,Fistula Repair - Non Vascular,49.0,166.0,4.7,21.1
2017/18,All Health Authorities,All Facilities,Foot/Ankle Surgery,471.0,753.0,13.6,40.4
2017/18,All Health Authorities,All Facilities,Foreign Body Removal Surgery,34.0,220.0,3.4,20.1
2017/18,All Health Authorities,All Facilities,Fracture Repair,159.0,1076.0,0.9,11.8
2017/18,All Health Authorities,All Facilities,Free Flap Graft,16.0,118.0,3.7,20.8
2017/18,All Health Authorities,All Facilities,Gastrostomy/Jejunostomy,21.0,92.0,3.1,11.7
2017/18,All Health Authorities,All Facilities,Hand/Wrist Surgery,775.0,2208.0,6.9,25.9
2017/18,All Health Authorities,All Facilities,Hernia Repair - Abdominal,4438.0,12013.0,8.3,28.0
2017/18,All Health Authorities,All Facilities,Hernia Repair - Hiatal,167.0,306.0,8.6,35.6
2017/18,All Health Authorities,All Facilities,Hip Replacement,3704.0,6152.0,20.0,49.4
2017/18,All Health Authorities,All Facilities,Kidney/Bladder Stone Removal,432.0,2192.0,4.1,11.7
2017/18,All Health Authorities,All Facilities,Knee - ACL Repair,802.0,1774.0,7.6,31.0
2017/18,All Health Authorities,All Facilities,Knee - Meniscectomy,414.0,1681.0,6.6,24.4
2017/18,All Health Authorities,All Facilities,Knee Arthroscopy,1210.0,2988.0,7.0,29.7
2017/18,All Health Authorities,All Facilities,Knee Replacement,7304.0,9274.0,27.0,55.4
2017/18,All Health Authorities,All Facilities,Laparoscopy,225.0,1087.0,5.1,19.3
2017/18,All Health Authorities,All Facilities,Laparotomy,48.0,342.0,4.1,19.6
2017/18,All Health Authorities,All Facilities,Lens & Vitreous (non-cataract) Surgery,1170.0,3862.0,3.7,31.8
2017/18,All Health Authorities,All Facilities,Ligament Surgery,84.0,186.0,5.6,26.2
2017/18,All Health Authorities,All Facilities,Lipectomy,25.0,39.0,13.9,42.5
2017/18,All Health Authorities,All Facilities,Lung Surgery,62.0,662.0,2.9,7.7
2017/18,All Health Authorities,All Facilities,Male Reproductive Surgery,955.0,2036.0,8.0,30.4
2017/18,All Health Authorities,All Facilities,Mastectomy,439.0,4342.0,2.7,8.3
2017/18,All Health Authorities,All Facilities,Mastoidectomy,139.0,294.0,12.5,43.4
2017/18,All Health Authorities,All Facilities,Myringotomy,488.0,1415.0,5.9,20.9
2017/18,All Health Authorities,All Facilities,Nasal Surgery,2108.0,3328.0,12.3,39.0
2017/18,All Health Authorities,All Facilities,Nerve Surgery,460.0,1188.0,6.9,29.6
2017/18,All Health Authorities,All Facilities,Oral Cavity & Pharynx Surgery,135.0,406.0,8.1,28.2
2017/18,All Health Authorities,All Facilities,Other Ear Surgery,129.0,245.0,6.9,34.3
2017/18,All Health Authorities,All Facilities,Other Eye Surgery,1406.0,4738.0,6.0,28.1
2017/18,All Health Authorities,All Facilities,Other Joint Reconstruction,1158.0,1971.0,11.6,39.3
2017/18,All Health Authorities,All Facilities,Other Orthopaedic Surgery,2424.0,6409.0,6.3,29.1
2017/18,All Health Authorities,All Facilities,Other Urology Surgery,1323.0,6478.0,4.0,15.7
2017/18,All Health Authorities,All Facilities,Parotidectomy,163.0,383.0,11.1,43.0
2017/18,All Health Authorities,All Facilities,Prostate Surgery,1392.0,5178.0,5.1,21.1
2017/18,All Health Authorities,All Facilities,Rectal Surgery,817.0,1687.0,8.6,31.9
2017/18,All Health Authorities,All Facilities,Rib Resection,22.0,38.0,8.7,45.9
2017/18,All Health Authorities,All Facilities,Scope of Chest,69.0,578.0,3.9,8.8
2017/18,All Health Authorities,All Facilities,Shoulder Surgery,1650.0,3168.0,10.1,37.0
2017/18,All Health Authorities,All Facilities,Shunt Insertion/Removal,,51.0,2.6,9.9
2017/18,All Health Authorities,All Facilities,Sinus Surgery,1302.0,1841.0,14.4,43.3
2017/18,All Health Authorities,All Facilities,Skin Surgery,366.0,822.0,6.9,35.9
2017/18,All Health Authorities,All Facilities,Skin Tumour Removal,797.0,3151.0,4.0,21.0
2017/18,All Health Authorities,All Facilities,Sphincterotomy,58.0,128.0,7.4,25.3
2017/18,All Health Authorities,All Facilities,Spinal/Back Surgery,1517.0,3497.0,7.9,32.2
2017/18,All Health Authorities,All Facilities,Tendon Surgery,371.0,841.0,5.1,31.9
2017/18,All Health Authorities,All Facilities,Thoracotomy,10.0,162.0,4.0,10.0
2017/18,All Health Authorities,All Facilities,Thyroidectomy,500.0,1211.0,10.1,44.6
2017/18,All Health Authorities,All Facilities,Tonsillectomy/Adenoidectomy,1765.0,3548.0,9.3,34.0
2017/18,All Health Authorities,All Facilities,Tympanoplasty,495.0,703.0,10.0,35.9
2017/18,All Health Authorities,All Facilities,Uterine Surgery,3056.0,12584.0,6.1,24.9
2017/18,All Health Authorities,All Facilities,Vaginal Repair,575.0,1475.0,10.4,34.3
2017/18,All Health Authorities,All Facilities,Varicose Veins Ligation/Stripping,1299.0,1273.0,26.9,72.0
2017/18,All Health Authorities,All Facilities,Vascular Bypass Graft - Non Cardiac,127.0,600.0,2.9,15.0
2017/18,All Health Authorities,All Facilities,Vascular Surgery - Other,232.0,1546.0,2.7,13.9
2017/18,All Health Authorities,All Facilities,Wound/Laceration Care,251.0,885.0,4.0,24.8
2018/19,All Health Authorities,All Facilities,Abdominoplasty,131.0,156.0,12.8,38.8
2018/19,All Health Authorities,All Facilities,Aortic Aneurysm Repair,68.0,466.0,3.9,11.4
2018/19,All Health Authorities,All Facilities,Appendectomy,53.0,234.0,5.0,17.3
2018/19,All Health Authorities,All Facilities,Bariatric Surgery,60.0,426.0,5.0,13.7
2018/19,All Health Authorities,All Facilities,Biopsy in OR,302.0,2071.0,2.7,12.1
2018/19,All Health Authorities,All Facilities,Bladder Surgery,928.0,5041.0,4.0,14.7
2018/19,All Health Authorities,All Facilities,Bowel Resection,440.0,2616.0,3.3,11.5
2018/19,All Health Authorities,All Facilities,Breast Biopsy,175.0,1620.0,3.0,7.9
2018/19,All Health Authorities,All Facilities,Breast Reconstruction,780.0,1249.0,9.7,43.3
2018/19,All Health Authorities,All Facilities,Breast Reduction,1774.0,1976.0,19.4,52.0
2018/19,All Health Authorities,All Facilities,CSF Drainage,13.0,107.0,1.0,7.1
2018/19,All Health Authorities,All Facilities,Cataract Surgery,21956.0,65605.0,9.7,36.0
2018/19,All Health Authorities,All Facilities,Cholecystectomy,1665.0,5646.0,6.3,22.6
2018/19,All Health Authorities,All Facilities,Colostomy/Ileostomy,200.0,713.0,6.9,25.7
2018/19,All Health Authorities,All Facilities,Cone Biopsy,34.0,318.0,4.6,11.1
2018/19,All Health Authorities,All Facilities,Cranial Surgery,185.0,996.0,2.0,9.6
2018/19,All Health Authorities,All Facilities,Cyst/Ganglion Removal,400.0,1182.0,6.1,24.0
2018/19,All Health Authorities,All Facilities,D&C and Related Surgery,1278.0,5782.0,4.7,17.7
2018/19,All Health Authorities,All Facilities,Dental Surgery,2029.0,7154.0,7.3,24.4
2018/19,All Health Authorities,All Facilities,Endarterectomy,108.0,671.0,2.9,12.9
2018/19,All Health Authorities,All Facilities,Esophagectomy,34.0,146.0,3.9,15.4
2018/19,All Health Authorities,All Facilities,Examination Under Anaesthetic,243.0,1019.0,4.0,20.1
2018/19,All Health Authorities,All Facilities,Excision Gynecomastia,98.0,158.0,11.4,42.4
2018/19,All Health Authorities,All Facilities,Excision Lesion/Tumour,606.0,2829.0,4.3,15.9
2018/19,All Health Authorities,All Facilities,Facial Bone Reconstruction,348.0,650.0,12.1,34.5
2018/19,All Health Authorities,All Facilities,Fallopian Tube/Ovarian Surgery,1224.0,3501.0,7.0,22.0
2018/19,All Health Authorities,All Facilities,Fistula Repair - Non Vascular,64.0,202.0,5.1,21.0
2018/19,All Health Authorities,All Facilities,Foot/Ankle Surgery,461.0,796.0,13.5,40.7
2018/19,All Health Authorities,All Facilities,Foreign Body Removal Surgery,43.0,268.0,2.3,13.3
2018/19,All Health Authorities,All Facilities,Fracture Repair,193.0,1167.0,0.9,10.7
2018/19,All Health Authorities,All Facilities,Free Flap Graft,20.0,105.0,3.9,12.3
2018/19,All Health Authorities,All Facilities,Gastrostomy/Jejunostomy,11.0,122.0,2.0,10.0
2018/19,All Health Authorities,All Facilities,Hand/Wrist Surgery,824.0,2317.0,6.4,26.3
2018/19,All Health Authorities,All Facilities,Hernia Repair - Abdominal,4460.0,12102.0,9.0,29.4
2018/19,All Health Authorities,All Facilities,Hernia Repair - Hiatal,179.0,340.0,9.0,36.8
2018/19,All Health Authorities,All Facilities,Hip Replacement,3288.0,7477.0,16.9,43.9
2018/19,All Health Authorities,All Facilities,Kidney/Bladder Stone Removal,430.0,2303.0,5.1,15.0
2018/19,All Health Authorities,All Facilities,Knee - ACL Repair,815.0,1988.0,8.0,30.7
2018/19,All Health Authorities,All Facilities,Knee - Meniscectomy,450.0,1631.0,8.0,27.9
2018/19,All Health Authorities,All Facilities,Knee Arthroscopy,1257.0,2820.0,6.3,26.2
2018/19,All Health Authorities,All Facilities,Knee Replacement,6737.0,11278.0,20.0,48.9
2018/19,All Health Authorities,All Facilities,Laparoscopy,240.0,1026.0,5.9,19.9
2018/19,All Health Authorities,All Facilities,Laparotomy,44.0,354.0,4.3,16.9
2018/19,All Health Authorities,All Facilities,Lens & Vitreous (non-cataract) Surgery,1112.0,3656.0,4.0,22.0
2018/19,All Health Authorities,All Facilities,Ligament Surgery,81.0,209.0,4.3,29.7
2018/19,All Health Authorities,All Facilities,Lipectomy,40.0,38.0,18.5,51.3
2018/19,All Health Authorities,All Facilities,Lung Surgery,87.0,739.0,2.4,6.9
2018/19,All Health Authorities,All Facilities,Male Reproductive Surgery,842.0,2407.0,7.6,30.4
2018/19,All Health Authorities,All Facilities,Mastectomy,445.0,4173.0,2.7,7.0
2018/19,All Health Authorities,All Facilities,Mastoidectomy,150.0,309.0,9.4,34.5
2018/19,All Health Authorities,All Facilities,Myringotomy,479.0,1471.0,5.1,18.1
2018/19,All Health Authorities,All Facilities,Nasal Surgery,2144.0,3258.0,12.4,42.1
2018/19,All Health Authorities,All Facilities,Nerve Surgery,534.0,1130.0,5.0,36.4
2018/19,All Health Authorities,All Facilities,Oral Cavity & Pharynx Surgery,173.0,410.0,7.4,28.1
2018/19,All Health Authorities,All Facilities,Other Ear Surgery,115.0,240.0,9.0,42.3
2018/19,All Health Authorities,All Facilities,Other Eye Surgery,1413.0,4940.0,5.7,25.0
2018/19,All Health Authorities,All Facilities,Other Joint Reconstruction,1274.0,2008.0,11.7,36.5
2018/19,All Health Authorities,All Facilities,Other Orthopaedic Surgery,2413.0,6299.0,6.3,28.9
2018/19,All Health Authorities,All Facilities,Other Urology Surgery,1211.0,6761.0,4.1,16.0
2018/19,All Health Authorities,All Facilities,Parotidectomy,211.0,372.0,10.4,39.7
2018/19,All Health Authorities,All Facilities,Prostate Surgery,1452.0,5651.0,5.7,22.0
2018/19,All Health Authorities,All Facilities,Rectal Surgery,795.0,1744.0,9.0,33.9
2018/19,All Health Authorities,All Facilities,Rib Resection,32.0,40.0,4.2,41.4
2018/19,All Health Authorities,All Facilities,Scope of Chest,87.0,503.0,3.7,9.4
2018/19,All Health Authorities,All Facilities,Shoulder Surgery,1962.0,3285.0,11.7,35.9
2018/19,All Health Authorities,All Facilities,Shunt Insertion/Removal,5.0,47.0,3.3,11.9
2018/19,All Health Authorities,All Facilities,Sinus Surgery,1506.0,1866.0,16.1,47.0
2018/19,All Health Authorities,All Facilities,Skin Surgery,395.0,842.0,5.9,38.0
2018/19,All Health Authorities,All Facilities,Skin Tumour Removal,786.0,3214.0,4.6,20.9
2018/19,All Health Authorities,All Facilities,Sphincterotomy,49.0,124.0,6.2,34.2
2018/19,All Health Authorities,All Facilities,Spinal/Back Surgery,1833.0,3618.0,7.3,33.1
2018/19,All Health Authorities,All Facilities,Tendon Surgery,352.0,813.0,5.6,33.1
2018/19,All Health Authorities,All Facilities,Thoracotomy,17.0,132.0,2.7,9.3
2018/19,All Health Authorities,All Facilities,Thyroidectomy,484.0,1171.0,8.7,36.3
2018/19,All Health Authorities,All Facilities,Tonsillectomy/Adenoidectomy,1781.0,3345.0,10.0,35.0
2018/19,All Health Authorities,All Facilities,Tympanoplasty,529.0,691.0,11.9,46.0
2018/19,All Health Authorities,All Facilities,Uterine Surgery,3306.0,13198.0,6.1,24.6
2018/19,All Health Authorities,All Facilities,Vaginal Repair,572.0,1417.0,9.7,30.3
2018/19,All Health Authorities,All Facilities,Varicose Veins Ligation/Stripping,1448.0,1254.0,24.7,69.2
2018/19,All Health Authorities,All Facilities,Vascular Bypass Graft - Non Cardiac,142.0,570.0,2.8,12.9
2018/19,All Health Authorities,All Facilities,Vascular Surgery - Other,256.0,1498.0,2.7,11.9
2018/19,All Health Authorities,All Facilities,Wound/Laceration Care,262.0,999.0,3.3,21.6
2019/20,All Health Authorities,All Facilities,Abdominoplasty,129.0,171.0,15.0,53.9
2019/20,All Health Authorities,All Facilities,Aortic Aneurysm Repair,70.0,459.0,3.7,11.6
2019/20,All Health Authorities,All Facilities,Appendectomy,65.0,267.0,5.1,14.8
2019/20,All Health Authorities,All Facilities,Bariatric Surgery,108.0,420.0,6.1,15.0
2019/20,All Health Authorities,All Facilities,Biopsy in OR,413.0,2232.0,2.7,12.0
2019/20,All Health Authorities,All Facilities,Bladder Surgery,944.0,5064.0,3.9,14.9
2019/20,All Health Authorities,All Facilities,Bowel Resection,387.0,2867.0,3.3,11.4
2019/20,All Health Authorities,All Facilities,Breast Biopsy,181.0,1677.0,3.0,7.9
2019/20,All Health Authorities,All Facilities,Breast Reconstruction,840.0,1384.0,9.4,47.0
2019/20,All Health Authorities,All Facilities,Breast Reduction,1766.0,1949.0,21.1,56.3
2019/20,All Health Authorities,All Facilities,CSF Drainage,10.0,88.0,1.6,8.2
2019/20,All Health Authorities,All Facilities,Cataract Surgery,25043.0,63552.0,9.7,34.0
2019/20,All Health Authorities,All Facilities,Cholecystectomy,1674.0,5303.0,5.9,22.4
2019/20,All Health Authorities,All Facilities,Colostomy/Ileostomy,190.0,666.0,6.5,22.9
2019/20,All Health Authorities,All Facilities,Cone Biopsy,30.0,268.0,4.3,11.4
2019/20,All Health Authorities,All Facilities,Cranial Surgery,158.0,1045.0,2.1,12.1
2019/20,All Health Authorities,All Facilities,Cyst/Ganglion Removal,435.0,1160.0,5.9,24.9
2019/20,All Health Authorities,All Facilities,D&C and Related Surgery,1337.0,5452.0,5.0,20.2
2019/20,All Health Authorities,All Facilities,Dental Surgery,2303.0,7086.0,7.4,24.1
2019/20,All Health Authorities,All Facilities,Endarterectomy,125.0,646.0,2.9,14.9
2019/20,All Health Authorities,All Facilities,Esophagectomy,26.0,164.0,2.7,14.3
2019/20,All Health Authorities,All Facilities,Examination Under Anaesthetic,292.0,1060.0,5.0,21.0
2019/20,All Health Authorities,All Facilities,Excision Gynecomastia,94.0,119.0,13.0,61.6
2019/20,All Health Authorities,All Facilities,Excision Lesion/Tumour,693.0,2888.0,4.1,15.4
2019/20,All Health Authorities,All Facilities,Facial Bone Reconstruction,336.0,667.0,13.1,38.2
2019/20,All Health Authorities,All Facilities,Fallopian Tube/Ovarian Surgery,1393.0,3315.0,7.4,26.1
2019/20,All Health Authorities,All Facilities,Fistula Repair - Non Vascular,66.0,205.0,6.6,23.9
2019/20,All Health Authorities,All Facilities,Foot/Ankle Surgery,492.0,775.0,13.1,38.0
2019/20,All Health Authorities,All Facilities,Foreign Body Removal Surgery,48.0,280.0,3.1,14.0
2019/20,All Health Authorities,All Facilities,Fracture Repair,181.0,1558.0,0.7,8.3
2019/20,All Health Authorities,All Facilities,Free Flap Graft,25.0,106.0,3.2,12.4
2019/20,All Health Authorities,All Facilities,Gastrostomy/Jejunostomy,13.0,136.0,2.0,10.5
2019/20,All Health Authorities,All Facilities,Hand/Wrist Surgery,847.0,2434.0,6.0,25.9
2019/20,All Health Authorities,All Facilities,Hernia Repair - Abdominal,4647.0,12492.0,8.4,28.0
2019/20,All Health Authorities,All Facilities,Hernia Repair - Hiatal,167.0,318.0,8.6,39.6
2019/20,All Health Authorities,All Facilities,Hip Replacement,3304.0,7431.0,14.1,40.7
2019/20,All Health Authorities,All Facilities,Kidney/Bladder Stone Removal,489.0,2344.0,4.9,13.9
2019/20,All Health Authorities,All Facilities,Knee - ACL Repair,878.0,1883.0,8.7,32.1
2019/20,All Health Authorities,All Facilities,Knee - Meniscectomy,444.0,1623.0,7.7,29.5
2019/20,All Health Authorities,All Facilities,Knee Arthroscopy,1337.0,2745.0,7.1,29.0
2019/20,All Health Authorities,All Facilities,Knee Replacement,6512.0,11209.0,17.1,45.9
2019/20,All Health Authorities,All Facilities,Laparoscopy,281.0,893.0,6.1,21.8
2019/20,All Health Authorities,All Facilities,Laparotomy,45.0,310.0,3.0,11.6
2019/20,All Health Authorities,All Facilities,Lens & Vitreous (non-cataract) Surgery,1350.0,3773.0,4.0,24.1
2019/20,All Health Authorities,All Facilities,Ligament Surgery,141.0,286.0,3.8,30.3
2019/20,All Health Authorities,All Facilities,Lipectomy,51.0,49.0,11.3,44.0
2019/20,All Health Authorities,All Facilities,Lung Surgery,80.0,768.0,2.1,5.9
2019/20,All Health Authorities,All Facilities,Male Reproductive Surgery,924.0,2380.0,6.4,25.6
2019/20,All Health Authorities,All Facilities,Mastectomy,473.0,4292.0,2.9,7.0
2019/20,All Health Authorities,All Facilities,Mastoidectomy,145.0,261.0,10.3,50.6
2019/20,All Health Authorities,All Facilities,Myringotomy,453.0,1379.0,5.3,18.1
2019/20,All Health Authorities,All Facilities,Nasal Surgery,2457.0,3093.0,14.1,50.1
2019/20,All Health Authorities,All Facilities,Nerve Surgery,568.0,987.0,5.0,34.6
2019/20,All Health Authorities,All Facilities,Oral Cavity & Pharynx Surgery,143.0,413.0,7.3,34.4
2019/20,All Health Authorities,All Facilities,Other Ear Surgery,154.0,207.0,9.7,55.9
2019/20,All Health Authorities,All Facilities,Other Eye Surgery,1728.0,5150.0,5.4,23.4
2019/20,All Health Authorities,All Facilities,Other Joint Reconstruction,1340.0,2073.0,12.0,39.0
2019/20,All Health Authorities,All Facilities,Other Orthopaedic Surgery,2458.0,6307.0,7.0,31.9
2019/20,All Health Authorities,All Facilities,Other Urology Surgery,1327.0,6733.0,4.0,15.4
2019/20,All Health Authorities,All Facilities,Parotidectomy,247.0,395.0,9.7,39.3
2019/20,All Health Authorities,All Facilities,Prostate Surgery,1426.0,5481.0,5.6,23.6
2019/20,All Health Authorities,All Facilities,Rectal Surgery,819.0,1702.0,8.9,32.4
2019/20,All Health Authorities,All Facilities,Rib Resection,22.0,52.0,14.5,107.3
2019/20,All Health Authorities,All Facilities,Scope of Chest,45.0,570.0,3.0,8.3
2019/20,All Health Authorities,All Facilities,Shoulder Surgery,2192.0,3341.0,11.9,40.1
2019/20,All Health Authorities,All Facilities,Shunt Insertion/Removal,6.0,28.0,4.0,10.6
2019/20,All Health Authorities,All Facilities,Sinus Surgery,1640.0,1921.0,17.9,52.0
2019/20,All Health Authorities,All Facilities,Skin Surgery,456.0,796.0,7.1,40.9
2019/20,All Health Authorities,All Facilities,Skin Tumour Removal,927.0,3468.0,4.0,18.3
2019/20,All Health Authorities,All Facilities,Sphincterotomy,44.0,109.0,6.4,29.3
2019/20,All Health Authorities,All Facilities,Spinal/Back Surgery,2093.0,3687.0,8.3,38.5
2019/20,All Health Authorities,All Facilities,Tendon Surgery,356.0,903.0,4.1,32.3
2019/20,All Health Authorities,All Facilities,Thoracotomy,24.0,145.0,1.9,7.9
2019/20,All Health Authorities,All Facilities,Thyroidectomy,439.0,1160.0,8.3,31.4
2019/20,All Health Authorities,All Facilities,Tonsillectomy/Adenoidectomy,1615.0,3289.0,10.9,38.5
2019/20,All Health Authorities,All Facilities,Tympanoplasty,562.0,583.0,14.1,52.7
2019/20,All Health Authorities,All Facilities,Uterine Surgery,3635.0,13883.0,6.4,25.3
2019/20,All Health Authorities,All Facilities,Vaginal Repair,662.0,1430.0,8.4,29.7
2019/20,All Health Authorities,All Facilities,Varicose Veins Ligation/Stripping,1464.0,1368.0,18.7,73.0
2019/20,All Health Authorities,All Facilities,Vascular Bypass Graft - Non Cardiac,117.0,547.0,2.7,15.0
2019/20,All Health Authorities,All Facilities,Vascular Surgery - Other,313.0,1585.0,2.9,13.7
2019/20,All Health Authorities,All Facilities,Wound/Laceration Care,275.0,1079.0,3.0,22.3
2020/21,All Health Authorities,All Facilities,Abdominoplasty,125.0,184.0,16.1,67.1
2020/21,All Health Authorities,All Facilities,Aortic Aneurysm Repair,42.0,428.0,3.3,11.8
2020/21,All Health Authorities,All Facilities,Appendectomy,53.0,314.0,4.3,18.2
2020/21,All Health Authorities,All Facilities,Bariatric Surgery,140.0,384.0,14.0,24.9
2020/21,All Health Authorities,All Facilities,Biopsy in OR,320.0,2081.0,2.9,14.9
2020/21,All Health Authorities,All Facilities,Bladder Surgery,873.0,4789.0,3.6,17.1
2020/21,All Health Authorities,All Facilities,Bowel Resection,354.0,2693.0,2.7,11.0
2020/21,All Health Authorities,All Facilities,Breast Biopsy,118.0,1485.0,2.9,7.9
2020/21,All Health Authorities,All Facilities,Breast Reconstruction,751.0,1308.0,8.9,52.4
2020/21,All Health Authorities,All Facilities,Breast Reduction,1652.0,1915.0,22.4,72.1
2020/21,All Health Authorities,All Facilities,CSF Drainage,11.0,94.0,1.0,4.6
2020/21,All Health Authorities,All Facilities,Cataract Surgery,22311.0,59659.0,9.3,43.0
2020/21,All Health Authorities,All Facilities,Cholecystectomy,1322.0,5535.0,4.9,24.0
2020/21,All Health Authorities,All Facilities,Colostomy/Ileostomy,136.0,625.0,6.3,26.3
2020/21,All Health Authorities,All Facilities,Cone Biopsy,21.0,192.0,2.6,9.9
2020/21,All Health Authorities,All Facilities,Cranial Surgery,147.0,1040.0,2.0,15.3
2020/21,All Health Authorities,All Facilities,Cyst/Ganglion Removal,361.0,1086.0,5.5,32.0
2020/21,All Health Authorities,All Facilities,D&C and Related Surgery,1068.0,5044.0,4.3,24.9
2020/21,All Health Authorities,All Facilities,Dental Surgery,2547.0,6612.0,8.1,30.4
2020/21,All Health Authorities,All Facilities,Endarterectomy,93.0,610.0,2.4,18.1
2020/21,All Health Authorities,All Facilities,Esophagectomy,34.0,138.0,2.3,9.8
2020/21,All Health Authorities,All Facilities,Examination Under Anaesthetic,245.0,1002.0,4.0,28.0
2020/21,All Health Authorities,All Facilities,Excision Gynecomastia,95.0,114.0,13.1,71.3
2020/21,All Health Authorities,All Facilities,Excision Lesion/Tumour,594.0,2838.0,3.3,20.1
2020/21,All Health Authorities,All Facilities,Facial Bone Reconstruction,284.0,566.0,9.9,38.4
2020/21,All Health Authorities,All Facilities,Fallopian Tube/Ovarian Surgery,1251.0,3244.0,8.6,34.4
2020/21,All Health Authorities,All Facilities,Fistula Repair - Non Vascular,62.0,197.0,4.7,21.2
2020/21,All Health Authorities,All Facilities,Foot/Ankle Surgery,466.0,776.0,19.1,48.5
2020/21,All Health Authorities,All Facilities,Foreign Body Removal Surgery,34.0,283.0,2.1,13.6
2020/21,All Health Authorities,All Facilities,Fracture Repair,171.0,1750.0,0.6,6.0
2020/21,All Health Authorities,All Facilities,Free Flap Graft,28.0,125.0,3.0,9.3
2020/21,All Health Authorities,All Facilities,Gastrostomy/Jejunostomy,19.0,113.0,1.4,10.6
2020/21,All Health Authorities,All Facilities,Hand/Wrist Surgery,853.0,2140.0,6.4,31.3
2020/21,All Health Authorities,All Facilities,Hernia Repair - Abdominal,3704.0,12142.0,7.4,34.0
2020/21,All Health Authorities,All Facilities,Hernia Repair - Hiatal,160.0,427.0,6.9,39.0
2020/21,All Health Authorities,All Facilities,Hip Replacement,3575.0,6399.0,19.3,46.0
2020/21,All Health Authorities,All Facilities,Kidney/Bladder Stone Removal,497.0,2384.0,4.4,18.3
2020/21,All Health Authorities,All Facilities,Knee - ACL Repair,588.0,1844.0,11.3,41.5
2020/21,All Health Authorities,All Facilities,Knee - Meniscectomy,382.0,1570.0,10.1,34.4
2020/21,All Health Authorities,All Facilities,Knee Arthroscopy,991.0,2545.0,6.9,35.6
2020/21,All Health Authorities,All Facilities,Knee Replacement,6561.0,9000.0,22.4,52.9
2020/21,All Health Authorities,All Facilities,Laparoscopy,241.0,865.0,6.3,31.4
2020/21,All Health Authorities,All Facilities,Laparotomy,45.0,349.0,2.7,11.9
2020/21,All Health Authorities,All Facilities,Lens & Vitreous (non-cataract) Surgery,1154.0,3437.0,3.1,33.1
2020/21,All Health Authorities,All Facilities,Ligament Surgery,110.0,302.0,5.0,45.2
2020/21,All Health Authorities,All Facilities,Lipectomy,49.0,46.0,12.8,57.4
2020/21,All Health Authorities,All Facilities,Lung Surgery,58.0,734.0,1.7,5.2
2020/21,All Health Authorities,All Facilities,Male Reproductive Surgery,882.0,2348.0,8.0,37.7
2020/21,All Health Authorities,All Facilities,Mastectomy,440.0,3943.0,2.4,6.7
2020/21,All Health Authorities,All Facilities,Mastoidectomy,144.0,243.0,8.6,58.2
2020/21,All Health Authorities,All Facilities,Myringotomy,220.0,647.0,9.1,27.3
2020/21,All Health Authorities,All Facilities,Nasal Surgery,2397.0,3084.0,16.7,53.7
2020/21,All Health Authorities,All Facilities,Nerve Surgery,549.0,1016.0,4.7,43.7
2020/21,All Health Authorities,All Facilities,Oral Cavity & Pharynx Surgery,132.0,399.0,6.9,33.3
2020/21,All Health Authorities,All Facilities,Other Ear Surgery,136.0,211.0,18.1,56.1
2020/21,All Health Authorities,All Facilities,Other Eye Surgery,1496.0,4832.0,5.0,33.4
2020/21,All Health Authorities,All Facilities,Other Joint Reconstruction,1115.0,2063.0,14.9,51.4
2020/21,All Health Authorities,All Facilities,Other Orthopaedic Surgery,2112.0,6165.0,6.6,38.0
2020/21,All Health Authorities,All Facilities,Other Urology Surgery,1297.0,6837.0,3.3,18.4
2020/21,All Health Authorities,All Facilities,Parotidectomy,181.0,437.0,9.0,52.0
2020/21,All Health Authorities,All Facilities,Prostate Surgery,1356.0,5391.0,4.7,26.0
2020/21,All Health Authorities,All Facilities,Rectal Surgery,675.0,1713.0,7.1,35.3
2020/21,All Health Authorities,All Facilities,Rib Resection,21.0,52.0,6.5,21.8
2020/21,All Health Authorities,All Facilities,Scope of Chest,59.0,499.0,3.0,7.1
2020/21,All Health Authorities,All Facilities,Shoulder Surgery,1829.0,3489.0,15.1,49.4
2020/21,All Health Authorities,All Facilities,Shunt Insertion/Removal,5.0,36.0,2.9,8.0
2020/21,All Health Authorities,All Facilities,Sinus Surgery,1283.0,1868.0,21.9,64.0
2020/21,All Health Authorities,All Facilities,Skin Surgery,432.0,797.0,7.9,48.4
2020/21,All Health Authorities,All Facilities,Skin Tumour Removal,722.0,3359.0,3.3,26.3
2020/21,All Health Authorities,All Facilities,Sphincterotomy,38.0,94.0,4.1,26.4
2020/21,All Health Authorities,All Facilities,Spinal/Back Surgery,1899.0,3900.0,7.1,44.4
2020/21,All Health Authorities,All Facilities,Tendon Surgery,232.0,901.0,4.1,31.6
2020/21,All Health Authorities,All Facilities,Thoracotomy,24.0,167.0,2.0,8.0
2020/21,All Health Authorities,All Facilities,Thyroidectomy,409.0,1201.0,5.9,37.3
2020/21,All Health Authorities,All Facilities,Tonsillectomy/Adenoidectomy,1149.0,2739.0,13.1,42.0
2020/21,All Health Authorities,All Facilities,Tympanoplasty,596.0,542.0,21.0,75.8
2020/21,All Health Authorities,All Facilities,Uterine Surgery,3652.0,13447.0,6.7,33.6
2020/21,All Health Authorities,All Facilities,Vaginal Repair,630.0,1163.0,11.0,37.4
2020/21,All Health Authorities,All Facilities,Varicose Veins Ligation/Stripping,1270.0,1189.0,21.3,84.7
2020/21,All Health Authorities,All Facilities,Vascular Bypass Graft - Non Cardiac,68.0,598.0,2.1,14.3
2020/21,All Health Authorities,All Facilities,Vascular Surgery - Other,197.0,1643.0,2.4,13.0
2020/21,All Health Authorities,All Facilities,Wound/Laceration Care,235.0,1111.0,2.3,24.1
2021/22,All Health Authorities,All Facilities,Abdominoplasty,123.0,201.0,10.6,55.4
2021/22,All Health Authorities,All Facilities,Aortic Aneurysm Repair,58.0,403.0,3.6,10.3
2021/22,All Health Authorities,All Facilities,Appendectomy,65.0,335.0,4.6,14.7
2021/22,All Health Authorities,All Facilities,Bariatric Surgery,143.0,512.0,10.0,23.0
2021/22,All Health Authorities,All Facilities,Biopsy in OR,342.0,2191.0,2.7,11.1
2021/22,All Health Authorities,All Facilities,Bladder Surgery,850.0,4969.0,3.9,14.0
2021/22,All Health Authorities,All Facilities,Bowel Resection,405.0,2734.0,3.0,9.6
2021/22,All Health Authorities,All Facilities,Breast Biopsy,155.0,1474.0,3.0,8.3
2021/22,All Health Authorities,All Facilities,Breast Reconstruction,686.0,1258.0,6.5,48.3
2021/22,All Health Authorities,All Facilities,Breast Reduction,1801.0,1999.0,15.1,58.5
2021/22,All Health Authorities,All Facilities,CSF Drainage,12.0,91.0,1.3,6.4
2021/22,All Health Authorities,All Facilities,Cataract Surgery,19224.0,74877.0,6.4,29.1
2021/22,All Health Authorities,All Facilities,Cholecystectomy,1443.0,5276.0,5.0,18.4
2021/22,All Health Authorities,All Facilities,Colostomy/Ileostomy,208.0,616.0,4.7,23.4
2021/22,All Health Authorities,All Facilities,Cone Biopsy,29.0,244.0,3.7,8.8
2021/22,All Health Authorities,All Facilities,Cranial Surgery,167.0,999.0,2.1,13.9
2021/22,All Health Authorities,All Facilities,Cyst/Ganglion Removal,420.0,1184.0,5.3,22.3
2021/22,All Health Authorities,All Facilities,D&C and Related Surgery,1162.0,5174.0,4.1,17.3
2021/22,All Health Authorities,All Facilities,Dental Surgery,3009.0,7585.0,8.0,25.0
2021/22,All Health Authorities,All Facilities,Endarterectomy,81.0,626.0,1.9,12.4
2021/22,All Health Authorities,All Facilities,Esophagectomy,35.0,149.0,3.0,14.0
2021/22,All Health Authorities,All Facilities,Examination Under Anaesthetic,302.0,1111.0,4.1,21.9
2021/22,All Health Authorities,All Facilities,Excision Gynecomastia,84.0,131.0,9.7,49.7
2021/22,All Health Authorities,All Facilities,Excision Lesion/Tumour,795.0,2923.0,4.0,16.4
2021/22,All Health Authorities,All Facilities,Facial Bone Reconstruction,322.0,564.0,9.7,33.2
2021/22,All Health Authorities,All Facilities,Fallopian Tube/Ovarian Surgery,1383.0,3065.0,7.6,27.1
2021/22,All Health Authorities,All Facilities,Fistula Repair - Non Vascular,91.0,266.0,6.1,17.9
2021/22,All Health Authorities,All Facilities,Foot/Ankle Surgery,435.0,788.0,11.7,53.6
2021/22,All Health Authorities,All Facilities,Foreign Body Removal Surgery,36.0,348.0,2.4,13.5
2021/22,All Health Authorities,All Facilities,Fracture Repair,222.0,2087.0,0.4,5.3
2021/22,All Health Authorities,All Facilities,Free Flap Graft,54.0,130.0,2.9,11.0
2021/22,All Health Authorities,All Facilities,Gastrostomy/Jejunostomy,,151.0,0.9,9.9
2021/22,All Health Authorities,All Facilities,Hand/Wrist Surgery,767.0,2156.0,6.1,25.0
2021/22,All Health Authorities,All Facilities,Hernia Repair - Abdominal,4397.0,11573.0,6.7,24.9
2021/22,All Health Authorities,All Facilities,Hernia Repair - Hiatal,244.0,337.0,7.9,34.1
2021/22,All Health Authorities,All Facilities,Hip Replacement,4424.0,6603.0,16.1,42.1
2021/22,All Health Authorities,All Facilities,Kidney/Bladder Stone Removal,512.0,2452.0,5.0,16.4
2021/22,All Health Authorities,All Facilities,Knee - ACL Repair,770.0,1817.0,6.1,25.0
2021/22,All Health Authorities,All Facilities,Knee - Meniscectomy,528.0,1660.0,7.1,24.0
2021/22,All Health Authorities,All Facilities,Knee Arthroscopy,1011.0,2424.0,5.3,25.5
2021/22,All Health Authorities,All Facilities,Knee Replacement,8410.0,8727.0,18.9,50.0
2021/22,All Health Authorities,All Facilities,Laparoscopy,253.0,877.0,5.9,24.9
2021/22,All Health Authorities,All Facilities,Laparotomy,60.0,357.0,3.4,12.0
2021/22,All Health Authorities,All Facilities,Lens & Vitreous (non-cataract) Surgery,1079.0,4075.0,4.3,25.9
2021/22,All Health Authorities,All Facilities,Ligament Surgery,109.0,276.0,3.6,25.6
2021/22,All Health Authorities,All Facilities,Lipectomy,44.0,75.0,10.0,44.2
2021/22,All Health Authorities,All Facilities,Lung Surgery,72.0,670.0,2.3,6.7
2021/22,All Health Authorities,All Facilities,Male Reproductive Surgery,1075.0,2193.0,7.4,29.9
2021/22,All Health Authorities,All Facilities,Mastectomy,471.0,4546.0,2.7,6.4
2021/22,All Health Authorities,All Facilities,Mastoidectomy,165.0,246.0,9.7,44.5
2021/22,All Health Authorities,All Facilities,Myringotomy,218.0,503.0,5.1,16.4
2021/22,All Health Authorities,All Facilities,Nasal Surgery,2870.0,3404.0,14.1,47.0
2021/22,All Health Authorities,All Facilities,Nerve Surgery,278.0,914.0,4.4,35.9
2021/22,All Health Authorities,All Facilities,Oral Cavity & Pharynx Surgery,164.0,393.0,9.1,27.0
2021/22,All Health Authorities,All Facilities,Other Ear Surgery,161.0,230.0,11.4,56.3
2021/22,All Health Authorities,All Facilities,Other Eye Surgery,1994.0,5686.0,5.0,21.1
2021/22,All Health Authorities,All Facilities,Other Joint Reconstruction,1274.0,2131.0,10.1,40.1
2021/22,All Health Authorities,All Facilities,Other Orthopaedic Surgery,2439.0,6086.0,5.6,27.1
2021/22,All Health Authorities,All Facilities,Other Urology Surgery,1383.0,6706.0,4.0,15.7
2021/22,All Health Authorities,All Facilities,Parotidectomy,184.0,386.0,7.1,36.5
2021/22,All Health Authorities,All Facilities,Prostate Surgery,1699.0,5305.0,5.3,22.9
2021/22,All Health Authorities,All Facilities,Rectal Surgery,745.0,1770.0,6.6,26.0
2021/22,All Health Authorities,All Facilities,Rib Resection,26.0,38.0,6.2,55.6
2021/22,All Health Authorities,All Facilities,Scope of Chest,74.0,539.0,3.4,7.3
2021/22,All Health Authorities,All Facilities,Shoulder Surgery,2054.0,3315.0,9.9,33.0
2021/22,All Health Authorities,All Facilities,Shunt Insertion/Removal,,39.0,2.7,8.5
2021/22,All Health Authorities,All Facilities,Sinus Surgery,1201.0,1790.0,15.4,48.7
2021/22,All Health Authorities,All Facilities,Skin Surgery,468.0,801.0,6.4,36.9
2021/22,All Health Authorities,All Facilities,Skin Tumour Removal,840.0,3772.0,3.3,14.9
2021/22,All Health Authorities,All Facilities,Sphincterotomy,41.0,99.0,6.0,20.8
2021/22,All Health Authorities,All Facilities,Spinal/Back Surgery,2106.0,3557.0,6.3,44.4
2021/22,All Health Authorities,All Facilities,Tendon Surgery,266.0,1067.0,2.7,19.1
2021/22,All Health Authorities,All Facilities,Thoracotomy,28.0,164.0,2.7,10.9
2021/22,All Health Authorities,All Facilities,Thyroidectomy,480.0,1137.0,5.3,24.1
2021/22,All Health Authorities,All Facilities,Tonsillectomy/Adenoidectomy,1287.0,2020.0,10.4,34.0
2021/22,All Health Authorities,All Facilities,Tympanoplasty,663.0,625.0,16.3,79.6
2021/22,All Health Authorities,All Facilities,Uterine Surgery,4306.0,14342.0,6.1,29.0
2021/22,All Health Authorities,All Facilities,Vaginal Repair,752.0,1280.0,9.7,36.4
2021/22,All Health Authorities,All Facilities,Varicose Veins Ligation/Stripping,1251.0,1338.0,15.9,92.7
2021/22,All Health Authorities,All Facilities,Vascular Bypass Graft - Non Cardiac,80.0,467.0,2.0,11.8
2021/22,All Health Authorities,All Facilities,Vascular Surgery - Other,195.0,1460.0,2.1,12.4
2021/22,All Health Authorities,All Facilities,Wound/Laceration Care,323.0,1207.0,2.1,16.0
2022/23,All Health Authorities,All Facilities,Abdominoplasty,118.0,191.0,13.4,43.3
2022/23,All Health Authorities,All Facilities,Aortic Aneurysm Repair,75.0,447.0,3.6,12.2
2022/23,All Health Authorities,All Facilities,Appendectomy,70.0,330.0,4.9,15.1
2022/23,All Health Authorities,All Facilities,Bariatric Surgery,142.0,492.0,10.1,21.7
2022/23,All Health Authorities,All Facilities,Biopsy in OR,431.0,2229.0,2.9,12.9
2022/23,All Health Authorities,All Facilities,Bladder Surgery,882.0,4900.0,4.0,15.9
2022/23,All Health Authorities,All Facilities,Bowel Resection,386.0,2713.0,3.4,11.7
2022/23,All Health Authorities,All Facilities,Breast Biopsy,175.0,1411.0,3.0,9.6
2022/23,All Health Authorities,All Facilities,Breast Reconstruction,660.0,1347.0,7.3,47.0
2022/23,All Health Authorities,All Facilities,Breast Reduction,1877.0,2063.0,16.7,59.5
2022/23,All Health Authorities,All Facilities,CSF Drainage,19.0,140.0,0.9,8.7
2022/23,All Health Authorities,All Facilities,Cataract Surgery,18371.0,75500.0,6.1,23.0
2022/23,All Health Authorities,All Facilities,Cholecystectomy,1353.0,5261.0,5.7,20.9
2022/23,All Health Authorities,All Facilities,Colostomy/Ileostomy,170.0,689.0,7.1,26.7
2022/23,All Health Authorities,All Facilities,Cone Biopsy,40.0,264.0,4.0,9.3
2022/23,All Health Authorities,All Facilities,Cranial Surgery,164.0,1098.0,2.3,14.9
2022/23,All Health Authorities,All Facilities,Cyst/Ganglion Removal,387.0,1106.0,5.4,24.4
2022/23,All Health Authorities,All Facilities,D&C and Related Surgery,1049.0,5128.0,4.7,19.3
2022/23,All Health Authorities,All Facilities,Dental Surgery,3560.0,7134.0,8.6,34.6
2022/23,All Health Authorities,All Facilities,Endarterectomy,107.0,657.0,2.3,10.4
2022/23,All Health Authorities,All Facilities,Esophagectomy,36.0,130.0,4.0,18.3
2022/23,All Health Authorities,All Facilities,Examination Under Anaesthetic,313.0,1306.0,5.0,26.6
2022/23,All Health Authorities,All Facilities,Excision Gynecomastia,81.0,121.0,9.9,46.0
2022/23,All Health Authorities,All Facilities,Excision Lesion/Tumour,773.0,3314.0,4.7,19.4
2022/23,All Health Authorities,All Facilities,Facial Bone Reconstruction,416.0,724.0,8.9,31.0
2022/23,All Health Authorities,All Facilities,Fallopian Tube/Ovarian Surgery,1329.0,3421.0,9.0,31.6
2022/23,All Health Authorities,All Facilities,Fistula Repair - Non Vascular,90.0,257.0,6.4,24.6
2022/23,All Health Authorities,All Facilities,Foot/Ankle Surgery,388.0,782.0,14.6,43.9
2022/23,All Health Authorities,All Facilities,Foreign Body Removal Surgery,49.0,275.0,2.3,13.2
2022/23,All Health Authorities,All Facilities,Fracture Repair,259.0,2130.0,0.6,7.7
2022/23,All Health Authorities,All Facilities,Free Flap Graft,58.0,163.0,3.0,23.0
2022/23,All Health Authorities,All Facilities,Gastrostomy/Jejunostomy,16.0,49.0,1.1,10.7
2022/23,All Health Authorities,All Facilities,Hand/Wrist Surgery,678.0,2322.0,5.1,27.1
2022/23,All Health Authorities,All Facilities,Hernia Repair - Abdominal,4532.0,12921.0,8.4,31.1
2022/23,All Health Authorities,All Facilities,Hernia Repair - Hiatal,199.0,372.0,11.6,44.4
2022/23,All Health Authorities,All Facilities,Hip Replacement,4607.0,7321.0,20.7,47.4
2022/23,All Health Authorities,All Facilities,Kidney/Bladder Stone Removal,488.0,2586.0,4.4,17.1
2022/23,All Health Authorities,All Facilities,Knee - ACL Repair,898.0,2128.0,8.0,28.0
2022/23,All Health Authorities,All Facilities,Knee - Meniscectomy,451.0,1604.0,7.9,28.6
2022/23,All Health Authorities,All Facilities,Knee Arthroscopy,931.0,2485.0,6.7,25.4
2022/23,All Health Authorities,All Facilities,Knee Replacement,8803.0,10411.0,23.0,57.6
2022/23,All Health Authorities,All Facilities,Laparoscopy,240.0,922.0,5.7,26.3
2022/23,All Health Authorities,All Facilities,Laparotomy,59.0,294.0,3.9,21.0
2022/23,All Health Authorities,All Facilities,Lens & Vitreous (non-cataract) Surgery,1116.0,4034.0,4.3,22.6
2022/23,All Health Authorities,All Facilities,Ligament Surgery,132.0,281.0,5.7,31.6
2022/23,All Health Authorities,All Facilities,Lipectomy,92.0,55.0,17.9,52.7
2022/23,All Health Authorities,All Facilities,Lung Surgery,56.0,652.0,2.1,7.0
2022/23,All Health Authorities,All Facilities,Male Reproductive Surgery,1051.0,2438.0,9.7,39.1
2022/23,All Health Authorities,All Facilities,Mastectomy,512.0,4601.0,2.9,7.1
2022/23,All Health Authorities,All Facilities,Mastoidectomy,167.0,287.0,13.6,47.6
2022/23,All Health Authorities,All Facilities,Myringotomy,480.0,927.0,7.1,21.0
2022/23,All Health Authorities,All Facilities,Nasal Surgery,3202.0,3940.0,15.7,52.9
2022/23,All Health Authorities,All Facilities,Nerve Surgery,366.0,842.0,4.9,33.6
2022/23,All Health Authorities,All Facilities,Oral Cavity & Pharynx Surgery,149.0,375.0,9.4,36.9
2022/23,All Health Authorities,All Facilities,Other Ear Surgery,156.0,261.0,15.1,56.4
2022/23,All Health Authorities,All Facilities,Other Eye Surgery,2177.0,6172.0,6.1,30.7
2022/23,All Health Authorities,All Facilities,Other Joint Reconstruction,1164.0,2251.0,11.4,38.0
2022/23,All Health Authorities,All Facilities,Other Orthopaedic Surgery,2319.0,6681.0,7.0,31.0
2022/23,All Health Authorities,All Facilities,Other Urology Surgery,1318.0,6698.0,4.3,19.7
2022/23,All Health Authorities,All Facilities,Parotidectomy,219.0,335.0,11.0,45.8
2022/23,All Health Authorities,All Facilities,Prostate Surgery,1689.0,6074.0,6.0,27.9
2022/23,All Health Authorities,All Facilities,Rectal Surgery,812.0,1761.0,8.1,35.0
2022/23,All Health Authorities,All Facilities,Rib Resection,16.0,56.0,9.9,43.6
2022/23,All Health Authorities,All Facilities,Scope of Chest,102.0,513.0,4.0,9.8
2022/23,All Health Authorities,All Facilities,Shoulder Surgery,1852.0,3456.0,12.1,39.4
2022/23,All Health Authorities,All Facilities,Shunt Insertion/Removal,,33.0,4.1,9.4
2022/23,All Health Authorities,All Facilities,Sinus Surgery,1518.0,2018.0,16.0,48.8
2022/23,All Health Authorities,All Facilities,Skin Surgery,519.0,820.0,7.9,48.5
2022/23,All Health Authorities,All Facilities,Skin Tumour Removal,834.0,4099.0,3.6,17.4
2022/23,All Health Authorities,All Facilities,Sphincterotomy,34.0,104.0,6.6,22.5
2022/23,All Health Authorities,All Facilities,Spinal/Back Surgery,1733.0,4003.0,7.9,47.3
2022/23,All Health Authorities,All Facilities,Tendon Surgery,255.0,1033.0,3.3,27.5
2022/23,All Health Authorities,All Facilities,Thoracotomy,27.0,155.0,2.7,12.6
2022/23,All Health Authorities,All Facilities,Thyroidectomy,542.0,1152.0,7.3,34.5
2022/23,All Health Authorities,All Facilities,Tonsillectomy/Adenoidectomy,1724.0,2598.0,11.0,37.1
2022/23,All Health Authorities,All Facilities,Tympanoplasty,696.0,579.0,21.3,73.7
2022/23,All Health Authorities,All Facilities,Uterine Surgery,4294.0,15507.0,7.7,31.7
2022/23,All Health Authorities,All Facilities,Vaginal Repair,737.0,1500.0,10.9,43.2
2022/23,All Health Authorities,All Facilities,Varicose Veins Ligation/Stripping,1040.0,1449.0,17.1,84.2
2022/23,All Health Authorities,All Facilities,Vascular Bypass Graft - Non Cardiac,67.0,494.0,2.1,12.8
2022/23,All Health Authorities,All Facilities,Vascular Surgery - Other,258.0,1525.0,2.6,12.2
2022/23,All Health Authorities,All Facilities,Wound/Laceration Care,307.0,1337.0,2.6,18.5
2023/24,All Health Authorities,All Facilities,Abdominoplasty,113.0,218.0,10.6,47.6
2023/24,All Health Authorities,All Facilities,Aortic Aneurysm Repair,69.0,542.0,4.0,11.3
2023/24,All Health Authorities,All Facilities,Appendectomy,77.0,347.0,5.6,14.8
2023/24,All Health Authorities,All Facilities,Bariatric Surgery,229.0,473.0,11.1,28.1
2023/24,All Health Authorities,All Facilities,Biopsy in OR,373.0,2388.0,3.0,12.9
2023/24,All Health Authorities,All Facilities,Bladder Surgery,823.0,5209.0,3.9,14.7
2023/24,All Health Authorities,All Facilities,Bowel Resection,383.0,2759.0,3.3,11.0
2023/24,All Health Authorities,All Facilities,Breast Biopsy,141.0,1361.0,2.9,8.1
2023/24,All Health Authorities,All Facilities,Breast Reconstruction,606.0,1403.0,5.4,37.7
2023/24,All Health Authorities,All Facilities,Breast Reduction,1998.0,2361.0,13.0,54.4
2023/24,All Health Authorities,All Facilities,CSF Drainage,15.0,114.0,1.0,5.4
2023/24,All Health Authorities,All Facilities,Cataract Surgery,18833.0,75959.0,6.0,22.7
2023/24,All Health Authorities,All Facilities,Cholecystectomy,1522.0,5297.0,5.6,20.0
2023/24,All Health Authorities,All Facilities,Colostomy/Ileostomy,180.0,690.0,5.7,21.4
2023/24,All Health Authorities,All Facilities,Cone Biopsy,58.0,334.0,4.0,11.1
2023/24,All Health Authorities,All Facilities,Cranial Surgery,158.0,1146.0,2.3,13.4
2023/24,All Health Authorities,All Facilities,Cyst/Ganglion Removal,416.0,1060.0,6.4,28.4
2023/24,All Health Authorities,All Facilities,D&C and Related Surgery,1205.0,4993.0,4.3,17.9
2023/24,All Health Authorities,All Facilities,Dental Surgery,3554.0,7974.0,9.3,36.7
2023/24,All Health Authorities,All Facilities,Endarterectomy,82.0,770.0,2.4,13.7
2023/24,All Health Authorities,All Facilities,Esophagectomy,39.0,123.0,4.1,17.5
2023/24,All Health Authorities,All Facilities,Examination Under Anaesthetic,405.0,1260.0,5.1,21.9
2023/24,All Health Authorities,All Facilities,Excision Gynecomastia,84.0,122.0,11.6,77.5
2023/24,All Health Authorities,All Facilities,Excision Lesion/Tumour,930.0,3555.0,4.6,18.1
2023/24,All Health Authorities,All Facilities,Facial Bone Reconstruction,455.0,722.0,9.1,39.0
2023/24,All Health Authorities,All Facilities,Fallopian Tube/Ovarian Surgery,1346.0,3456.0,9.0,29.5
2023/24,All Health Authorities,All Facilities,Fistula Repair - Non Vascular,117.0,314.0,7.3,25.3
2023/24,All Health Authorities,All Facilities,Foot/Ankle Surgery,435.0,709.0,10.4,50.2
2023/24,All Health Authorities,All Facilities,Foreign Body Removal Surgery,39.0,271.0,2.9,18.3
2023/24,All Health Authorities,All Facilities,Fracture Repair,250.0,2070.0,0.7,8.3
2023/24,All Health Authorities,All Facilities,Free Flap Graft,61.0,190.0,4.4,26.9
2023/24,All Health Authorities,All Facilities,Gastrostomy/Jejunostomy,21.0,69.0,1.0,8.1
2023/24,All Health Authorities,All Facilities,Hand/Wrist Surgery,680.0,1998.0,5.3,25.6
2023/24,All Health Authorities,All Facilities,Hernia Repair - Abdominal,5204.0,13481.0,8.4,29.7
2023/24,All Health Authorities,All Facilities,Hernia Repair - Hiatal,229.0,317.0,9.9,40.8
2023/24,All Health Authorities,All Facilities,Hip Replacement,5108.0,7870.0,18.0,50.0
2023/24,All Health Authorities,All Facilities,Kidney/Bladder Stone Removal,474.0,3077.0,4.0,16.0
2023/24,All Health Authorities,All Facilities,Knee - ACL Repair,907.0,2365.0,8.6,31.8
2023/24,All Health Authorities,All Facilities,Knee - Meniscectomy,431.0,1590.0,7.4,26.9
2023/24,All Health Authorities,All Facilities,Knee Arthroscopy,1119.0,2279.0,7.0,29.3
2023/24,All Health Authorities,All Facilities,Knee Replacement,9698.0,11481.0,23.0,57.0
2023/24,All Health Authorities,All Facilities,Laparoscopy,255.0,961.0,6.3,26.7
2023/24,All Health Authorities,All Facilities,Laparotomy,37.0,283.0,4.0,17.1
2023/24,All Health Authorities,All Facilities,Lens & Vitreous (non-cataract) Surgery,1200.0,4356.0,4.7,24.0
2023/24,All Health Authorities,All Facilities,Ligament Surgery,99.0,316.0,4.9,30.5
2023/24,All Health Authorities,All Facilities,Lipectomy,60.0,97.0,24.9,55.8
2023/24,All Health Authorities,All Facilities,Lung Surgery,73.0,660.0,2.4,8.2
2023/24,All Health Authorities,All Facilities,Male Reproductive Surgery,1021.0,2525.0,9.0,37.6
2023/24,All Health Authorities,All Facilities,Mastectomy,536.0,4675.0,2.9,7.1
2023/24,All Health Authorities,All Facilities,Mastoidectomy,170.0,261.0,13.1,58.9
2023/24,All Health Authorities,All Facilities,Myringotomy,459.0,1237.0,8.9,25.7
2023/24,All Health Authorities,All Facilities,Nasal Surgery,3368.0,3981.0,20.0,51.0
2023/24,All Health Authorities,All Facilities,Nerve Surgery,359.0,971.0,5.1,36.1
2023/24,All Health Authorities,All Facilities,Oral Cavity & Pharynx Surgery,149.0,334.0,8.6,36.0
2023/24,All Health Authorities,All Facilities,Other Ear Surgery,214.0,259.0,12.1,58.4
2023/24,All Health Authorities,All Facilities,Other Eye Surgery,2381.0,6762.0,5.7,31.7
2023/24,All Health Authorities,All Facilities,Other Joint Reconstruction,1425.0,2430.0,10.1,36.1
2023/24,All Health Authorities,All Facilities,Other Orthopaedic Surgery,2522.0,6583.0,6.4,30.1
2023/24,All Health Authorities,All Facilities,Other Urology Surgery,1140.0,6535.0,4.1,18.9
2023/24,All Health Authorities,All Facilities,Parotidectomy,186.0,406.0,7.6,34.9
2023/24,All Health Authorities,All Facilities,Prostate Surgery,1599.0,6309.0,6.0,24.6
2023/24,All Health Authorities,All Facilities,Rectal Surgery,885.0,1849.0,8.3,33.0
2023/24,All Health Authorities,All Facilities,Rib Resection,25.0,40.0,12.6,27.0
2023/24,All Health Authorities,All Facilities,Scope of Chest,80.0,560.0,5.7,11.1
2023/24,All Health Authorities,All Facilities,Shoulder Surgery,1817.0,3586.0,9.6,35.9
2023/24,All Health Authorities,All Facilities,Shunt Insertion/Removal,6.0,37.0,2.4,8.3
2023/24,All Health Authorities,All Facilities,Sinus Surgery,1681.0,1946.0,20.4,49.1
2023/24,All Health Authorities,All Facilities,Skin Surgery,481.0,983.0,6.1,40.5
2023/24,All Health Authorities,All Facilities,Skin Tumour Removal,1032.0,4326.0,3.6,17.0
2023/24,All Health Authorities,All Facilities,Sphincterotomy,38.0,85.0,5.0,30.3
2023/24,All Health Authorities,All Facilities,Spinal/Back Surgery,1610.0,4049.0,6.0,36.0
2023/24,All Health Authorities,All Facilities,Tendon Surgery,289.0,966.0,3.0,22.6
2023/24,All Health Authorities,All Facilities,Thoracotomy,16.0,154.0,4.0,14.2
2023/24,All Health Authorities,All Facilities,Thyroidectomy,423.0,1355.0,6.0,33.7
2023/24,All Health Authorities,All Facilities,Tonsillectomy/Adenoidectomy,2331.0,3167.0,15.3,35.3
2023/24,All Health Authorities,All Facilities,Tympanoplasty,671.0,681.0,22.9,73.7
2023/24,All Health Authorities,All Facilities,Uterine Surgery,4601.0,16298.0,7.4,30.1
2023/24,All Health Authorities,All Facilities,Vaginal Repair,666.0,1536.0,9.1,37.1
2023/24,All Health Authorities,All Facilities,Varicose Veins Ligation/Stripping,1340.0,1684.0,13.6,63.4
2023/24,All Health Authorities,All Facilities,Vascular Bypass Graft - Non Cardiac,75.0,490.0,2.6,14.9
2023/24,All Health Authorities,All Facilities,Vascular Surgery - Other,243.0,1785.0,2.9,13.1
2023/24,All Health Authorities,All Facilities,Wound/Laceration Care,316.0,1347.0,2.9,16.6
2024/25,All Health Authorities,All Facilities,Abdominoplasty,90.0,221.0,10.6,45.0
2024/25,All Health Authorities,All Facilities,Aortic Aneurysm Repair,66.0,540.0,3.7,10.0
2024/25,All Health Authorities,All Facilities,Appendectomy,82.0,393.0,5.1,15.5
2024/25,All Health Authorities,All Facilities,Bariatric Surgery,134.0,527.0,7.9,37.6
2024/25,All Health Authorities,All Facilities,Biopsy in OR,380.0,2343.0,3.0,11.9
2024/25,All Health Authorities,All Facilities,Bladder Surgery,925.0,5213.0,3.9,13.0
2024/25,All Health Authorities,All Facilities,Bowel Resection,344.0,2732.0,3.4,11.7
2024/25,All Health Authorities,All Facilities,Breast Biopsy,129.0,1359.0,3.0,8.0
2024/25,All Health Authorities,All Facilities,Breast Reconstruction,434.0,1403.0,5.6,37.7
2024/25,All Health Authorities,All Facilities,Breast Reduction,1917.0,2619.0,12.7,49.4
2024/25,All Health Authorities,All Facilities,CSF Drainage,28.0,93.0,0.9,5.0
2024/25,All Health Authorities,All Facilities,Cataract Surgery,17523.0,79961.0,5.7,22.6
2024/25,All Health Authorities,All Facilities,Cholecystectomy,1351.0,5459.0,5.9,22.6
2024/25,All Health Authorities,All Facilities,Colostomy/Ileostomy,196.0,717.0,5.9,23.9
2024/25,All Health Authorities,All Facilities,Cone Biopsy,63.0,416.0,3.4,9.1
2024/25,All Health Authorities,All Facilities,Cranial Surgery,164.0,1167.0,2.1,13.1
2024/25,All Health Authorities,All Facilities,Cyst/Ganglion Removal,332.0,918.0,8.3,34.1
2024/25,All Health Authorities,All Facilities,D&C and Related Surgery,1121.0,5194.0,4.4,18.4
2024/25,All Health Authorities,All Facilities,Dental Surgery,3779.0,7953.0,8.6,36.0
2024/25,All Health Authorities,All Facilities,Endarterectomy,72.0,802.0,2.1,9.0
2024/25,All Health Authorities,All Facilities,Esophagectomy,36.0,162.0,4.0,18.0
2024/25,All Health Authorities,All Facilities,Examination Under Anaesthetic,421.0,1464.0,4.6,20.9
2024/25,All Health Authorities,All Facilities,Excision Gynecomastia,76.0,127.0,10.7,58.6
2024/25,All Health Authorities,All Facilities,Excision Lesion/Tumour,993.0,3962.0,5.0,19.0
2024/25,All Health Authorities,All Facilities,Facial Bone Reconstruction,324.0,718.0,10.0,39.4
2024/25,All Health Authorities,All Facilities,Fallopian Tube/Ovarian Surgery,1271.0,3363.0,8.3,29.1
2024/25,All Health Authorities,All Facilities,Fistula Repair - Non Vascular,110.0,313.0,8.1,28.9
2024/25,All Health Authorities,All Facilities,Foot/Ankle Surgery,486.0,702.0,13.0,48.8
2024/25,All Health Authorities,All Facilities,Foreign Body Removal Surgery,38.0,260.0,3.1,15.5
2024/25,All Health Authorities,All Facilities,Fracture Repair,225.0,1880.0,0.7,8.9
2024/25,All Health Authorities,All Facilities,Free Flap Graft,59.0,204.0,4.0,29.5
2024/25,All Health Authorities,All Facilities,Gastrostomy/Jejunostomy,28.0,71.0,1.4,6.7
2024/25,All Health Authorities,All Facilities,Hand/Wrist Surgery,579.0,1755.0,6.1,27.0
2024/25,All Health Authorities,All Facilities,Hernia Repair - Abdominal,4711.0,14025.0,8.9,31.1
2024/25,All Health Authorities,All Facilities,Hernia Repair - Hiatal,215.0,408.0,13.9,44.9
2024/25,All Health Authorities,All Facilities,Hip Replacement,5280.0,8518.0,18.6,52.6
2024/25,All Health Authorities,All Facilities,Kidney/Bladder Stone Removal,471.0,3296.0,3.6,12.3
2024/25,All Health Authorities,All Facilities,Knee - ACL Repair,962.0,2493.0,8.0,28.1
2024/25,All Health Authorities,All Facilities,Knee - Meniscectomy,579.0,1629.0,8.6,27.0
2024/25,All Health Authorities,All Facilities,Knee Arthroscopy,898.0,2397.0,6.4,27.4
2024/25,All Health Authorities,All Facilities,Knee Replacement,9781.0,12699.0,22.9,56.4
2024/25,All Health Authorities,All Facilities,Laparoscopy,216.0,981.0,5.4,25.9
2024/25,All Health Authorities,All Facilities,Laparotomy,49.0,251.0,3.9,13.0
2024/25,All Health Authorities,All Facilities,Lens & Vitreous (non-cataract) Surgery,1347.0,4417.0,4.3,26.9
2024/25,All Health Authorities,All Facilities,Ligament Surgery,82.0,352.0,4.9,22.8
2024/25,All Health Authorities,All Facilities,Lipectomy,101.0,92.0,5.6,51.0
2024/25,All Health Authorities,All Facilities,Lung Surgery,101.0,685.0,2.3,10.1
2024/25,All Health Authorities,All Facilities,Male Reproductive Surgery,937.0,2468.0,9.0,34.6
2024/25,All Health Authorities,All Facilities,Mastectomy,484.0,4760.0,3.0,6.4
2024/25,All Health Authorities,All Facilities,Mastoidectomy,171.0,272.0,13.9,57.7
2024/25,All Health Authorities,All Facilities,Myringotomy,495.0,1164.0,8.6,28.6
2024/25,All Health Authorities,All Facilities,Nasal Surgery,3554.0,4047.0,22.3,53.7
2024/25,All Health Authorities,All Facilities,Nerve Surgery,381.0,1087.0,5.1,32.3
2024/25,All Health Authorities,All Facilities,Oral Cavity & Pharynx Surgery,168.0,405.0,9.3,36.0
2024/25,All Health Authorities,All Facilities,Other Ear Surgery,268.0,276.0,11.1,54.3
2024/25,All Health Authorities,All Facilities,Other Eye Surgery,2165.0,7425.0,5.7,31.0
2024/25,All Health Authorities,All Facilities,Other Joint Reconstruction,1601.0,2528.0,11.4,43.9
2024/25,All Health Authorities,All Facilities,Other Orthopaedic Surgery,2470.0,6588.0,6.9,33.0
2024/25,All Health Authorities,All Facilities,Other Urology Surgery,1241.0,5980.0,4.1,17.4
2024/25,All Health Authorities,All Facilities,Parotidectomy,203.0,424.0,8.6,43.8
2024/25,All Health Authorities,All Facilities,Prostate Surgery,1654.0,6306.0,6.0,24.3
2024/25,All Health Authorities,All Facilities,Rectal Surgery,673.0,1877.0,7.6,35.0
2024/25,All Health Authorities,All Facilities,Rib Resection,31.0,52.0,8.1,30.2
2024/25,All Health Authorities,All Facilities,Scope of Chest,77.0,497.0,4.9,9.6
2024/25,All Health Authorities,All Facilities,Shoulder Surgery,1991.0,3630.0,9.6,36.4
2024/25,All Health Authorities,All Facilities,Shunt Insertion/Removal,,39.0,3.4,9.3
2024/25,All Health Authorities,All Facilities,Sinus Surgery,1678.0,2051.0,18.0,55.9
2024/25,All Health Authorities,All Facilities,Skin Surgery,494.0,1111.0,5.1,39.3
2024/25,All Health Authorities,All Facilities,Skin Tumour Removal,1096.0,4773.0,3.7,19.3
2024/25,All Health Authorities,All Facilities,Sphincterotomy,20.0,95.0,6.6,26.3
2024/25,All Health Authorities,All Facilities,Spinal/Back Surgery,1596.0,4035.0,5.1,24.9
2024/25,All Health Authorities,All Facilities,Tendon Surgery,314.0,1030.0,3.4,22.6
2024/25,All Health Authorities,All Facilities,Thoracotomy,36.0,157.0,4.0,13.8
2024/25,All Health Authorities,All Facilities,Thyroidectomy,412.0,1287.0,5.7,31.5
2024/25,All Health Authorities,All Facilities,Tonsillectomy/Adenoidectomy,2288.0,3472.0,16.9,46.3
2024/25,All Health Authorities,All Facilities,Tympanoplasty,585.0,688.0,24.0,71.8
2024/25,All Health Authorities,All Facilities,Uterine Surgery,4592.0,17189.0,7.4,29.9
2024/25,All Health Authorities,All Facilities,Vaginal Repair,706.0,1551.0,9.9,37.9
2024/25,All Health Authorities,All Facilities,Varicose Veins Ligation/Stripping,1512.0,1760.0,23.6,59.6
2024/25,All Health Authorities,All Facilities,Vascular Bypass Graft - Non Cardiac,77.0,559.0,2.4,10.1
2024/25,All Health Authorities,All Facilities,Vascular Surgery - Other,254.0,1770.0,2.7,10.1
2024/25,All Health Authorities,All Facilities,Wound/Laceration Care,324.0,1303.0,3.0,21.6
2013/14,All Health Authorities,All Facilities,Hernia Repair - Chest Wall,0.0,,,
2009/10,All Health Authorities,All Facilities,Hernia Repair - Chest Wall,0.0,,,
2010/11,All Health Authorities,All Facilities,Hernia Repair - Chest Wall,0.0,,,
2012/13,All Health Authorities,All Facilities,Hernia Repair - Chest Wall,0.0,,,
2023/24,All Health Authorities,All Facilities,Hernia Repair - Chest Wall,0.0,,,
